ID,Country of Origin,Country_clean,Region,Region_clean,Farm Name,Producer,Company,Variety,Variety_clean,Processing Method,Processing_Method_clean,Processing_Method_group,Harvest Year,Harvest_Year_start,Harvest_Year_end,Harvest_Year_display,Altitude_raw,Altitude_pattern,Altitude_clean,Altitude_final,Altitude_flag_low,Altitude_flag_high,Altitude_flag_suspect_feet,Altitude_meters_if_feet,Total Cup Points,Quality_Grade,Aroma,Flavor,Aftertaste,Acidity,Body,Balance,Overall,Uniformity,Clean Cup,Sweetness,Moisture Percentage,Category One Defects,Category Two Defects,Quakers,Color
0,Colombia,Colombia,"Piendamo,Cauca","Piendamo,Cauca",Finca El Paraiso,Diego Samuel Bermudez,Coffee Quality Union,Castillo,Castillo,Double Anaerobic Washed,Double Anaerobic Washed,Washed / Wet Family,2021 / 2022,2021,2022,2022,1700-1930,range_dash,1815.0,1815.0,False,False,False,,89.33,Very Good (85-89.99),8.58,8.5,8.42,8.58,8.25,8.42,8.58,10.0,10.0,10.0,11.8,0,3,0,green
1,Taiwan,Taiwan,Chiayi,Chiayi,Royal Bean Geisha Estate,曾福森,Taiwan Coffee Laboratory,Gesha,Gesha,Washed / Wet,Washed / Wet,Washed / Wet Family,2021 / 2022,2021,2022,2022,1200,single_value,1200.0,1200.0,False,False,False,,87.58,Very Good (85-89.99),8.5,8.5,7.92,8.0,7.92,8.25,8.5,10.0,10.0,10.0,10.5,0,0,0,blue-green
2,Laos,Laos,Laos Borofen Plateau,Laos Borofen Plateau,OKLAO coffee farms,WU TAO CHI,Taiwan Coffee Laboratory,Java,Java,Semi Washed,Semi Washed,Washed / Wet Family,2021 / 2022,2021,2022,2022,1300,single_value,1300.0,1300.0,False,False,False,,87.42,Very Good (85-89.99),8.33,8.42,8.08,8.17,7.92,8.17,8.33,10.0,10.0,10.0,10.4,0,2,0,yellowish
3,Costa Rica,Costa Rica,"Los Santos,Tarrazu","Los Santos,Tarrazu",La Cumbre,Santa Maria de Dota,Coffee Quality Union,Gesha,Gesha,Washed / Wet,Washed / Wet,Washed / Wet Family,2022,2022,2022,2022,1900,single_value,1900.0,1900.0,False,False,False,,87.17,Very Good (85-89.99),8.08,8.17,8.17,8.25,8.17,8.08,8.25,10.0,10.0,10.0,11.8,0,0,0,green
4,Colombia,Colombia,"Popayan,Cauca","Popayan,Cauca",Finca Santuario,Camilo Merizalde,Coffee Quality Union,Red Bourbon,Red Bourbon,"Honey,Mossto","Honey,Mossto",Honey / Pulped Natural Family,2022,2022,2022,2022,1850-2100,range_dash,1975.0,1975.0,False,False,False,,87.08,Very Good (85-89.99),8.33,8.33,8.08,8.25,7.92,7.92,8.25,10.0,10.0,10.0,11.6,0,2,2,yellow-green
5,Guatemala,Guatemala,Chimaltenango,Chimaltenango,La Colina,Emilio Antonio Medina Garcia,Taiwan Coffee Laboratory,Gesha,Gesha,Washed / Wet,Washed / Wet,Washed / Wet Family,2022,2022,2022,2022,1668,single_value,1668.0,1668.0,False,False,False,,87.0,Very Good (85-89.99),8.33,8.33,8.25,7.83,7.83,8.17,8.25,10.0,10.0,10.0,10.7,0,2,0,green
6,Taiwan,Taiwan,Chiayi,Chiayi,野牡丹咖啡莊園 Melastoma Coffee Estate,黃保錫,Taiwan Coffee Laboratory,Gesha,Gesha,Washed / Wet,Washed / Wet,Washed / Wet Family,2021 / 2022,2021,2022,2022,1250,single_value,1250.0,1250.0,False,False,False,,86.92,Very Good (85-89.99),8.33,8.17,8.08,8.0,7.83,8.25,8.25,10.0,10.0,10.0,9.1,0,0,0,green
7,Taiwan,Taiwan,Chiayi,Chiayi,七彩琉璃咖啡莊園 Chi Tsai Liu Li Ecological Farm,莊家榮,Taiwan Coffee Laboratory,Sl34+Gesha,Sl34+Gesha,Natural / Dry,Natural / Dry,Natural / Dry Family,2021 / 2022,2021,2022,2022,1200,single_value,1200.0,1200.0,False,False,False,,86.75,Very Good (85-89.99),8.25,8.25,8.17,8.0,7.92,8.08,8.08,10.0,10.0,10.0,10.0,0,1,0,yellow green
8,Taiwan,Taiwan,Chiayi,Chiayi,亮軒咖啡莊園 Liang Xuan Coffee Farm,鍾旭亮,Taiwan Coffee Laboratory,SL34,SL34,Washed / Wet,Washed / Wet,Washed / Wet Family,2021 / 2022,2021,2022,2022,1250,single_value,1250.0,1250.0,False,False,False,,86.67,Very Good (85-89.99),8.08,8.08,8.25,8.08,7.92,8.0,8.25,10.0,10.0,10.0,10.8,0,0,0,greenish
9,"Tanzania, United Republic Of","Tanzania, United Republic Of",KILIMANJARO,KILIMANJARO,MASHIMA AMCOS,DORMAN (T) LIMITED,DORMAN (T) LIMITED,Bourbon,Bourbon,Washed / Wet,Washed / Wet,Washed / Wet Family,2022 / 2023,2022,2023,2022,1400-1700,range_dash,1550.0,1550.0,False,False,False,,86.5,Very Good (85-89.99),8.08,8.17,8.08,8.17,8.0,8.0,8.0,10.0,10.0,10.0,11.0,0,0,0,greenish
10,Ethiopia,Ethiopia,Guji,Guji,TADE GG,Tesfaye Bekele Degaga,"Marubeni corp.,",Ethiopian Heirlooms,Ethiopian Heirlooms,Natural / Dry,Natural / Dry,Natural / Dry Family,2021 / 2022,2021,2022,2022,1800-2200,range_dash,2000.0,2000.0,False,False,False,,86.25,Very Good (85-89.99),8.08,8.25,8.0,8.08,7.92,7.92,8.0,10.0,10.0,10.0,11.8,0,1,1,greenish
11,Guatemala,Guatemala,Acatenango,Acatenango,Karen Acajabon Coffee Farm,Karen Acajabon,Taiwan Coffee Laboratory,Gesha,Gesha,Natural / Dry,Natural / Dry,Natural / Dry Family,2021,2021,2021,2021,2000,single_value,2000.0,2000.0,False,False,False,,86.25,Very Good (85-89.99),8.08,8.0,8.0,7.75,8.25,8.17,8.0,10.0,10.0,10.0,11.5,0,1,0,brownish
12,Taiwan,Taiwan,Yunlin,Yunlin,古峰咖啡莊園 Goodfun Coffee Farm,賴彥合,Taiwan Coffee Laboratory,Gesha,Gesha,Washed / Wet,Washed / Wet,Washed / Wet Family,2021 / 2022,2021,2022,2022,1250,single_value,1250.0,1250.0,False,False,False,,86.25,Very Good (85-89.99),8.08,8.0,8.08,8.08,8.0,8.0,8.0,10.0,10.0,10.0,11.9,0,0,0,green
13,Ethiopia,Ethiopia,Guji,Guji,Gelana Geisha,Kerchanshe,Kerchanshe Trading PLC,Gesha,Gesha,Natural / Dry,Natural / Dry,Natural / Dry Family,2021 / 2022,2021,2022,2022,1900-2000,range_dash,1950.0,1950.0,False,False,False,,86.17,Very Good (85-89.99),7.67,8.17,8.0,8.33,8.0,8.0,8.0,10.0,10.0,10.0,11.6,0,2,3,yellow- green
14,Colombia,Colombia,tolima,tolima,La Gaitania,Josue Enciso Suarez,Taiwan Coffee Laboratory,Caturra,Caturra,Washed / Wet,Washed / Wet,Washed / Wet Family,2021 / 2022,2021,2022,2022,1850,single_value,1850.0,1850.0,False,False,False,,86.17,Very Good (85-89.99),8.08,8.0,8.08,7.92,8.08,8.0,8.0,10.0,10.0,10.0,10.6,0,0,0,green
15,Taiwan,Taiwan,Chiayi,Chiayi,青葉咖啡莊園,葉世遠,Taiwan Coffee Laboratory,SL34,SL34,Pulped natural / honey,Pulped natural / honey,Natural / Dry Family,2021 / 2022,2021,2022,2022,1100,single_value,1100.0,1100.0,False,False,False,,86.08,Very Good (85-89.99),8.17,8.08,8.0,7.92,8.0,7.92,8.0,10.0,10.0,10.0,10.2,0,0,0,green
16,Ethiopia,Ethiopia,"Gedeb,Yirgacheffe,Sidamo","Gedeb,Yirgacheffe,Sidamo",Halo Bariti Cooprative,Halo Bariti Cooprative,Coffee Quality Union,"Wolishalo,Kurume,Dega","Wolishalo,Kurume,Dega",Washed / Wet,Washed / Wet,Washed / Wet Family,2022,2022,2022,2022,1900-2100,range_dash,2000.0,2000.0,False,False,False,,86.08,Very Good (85-89.99),8.17,8.08,7.92,8.17,7.75,7.92,8.08,10.0,10.0,10.0,11.3,0,2,2,green
17,Taiwan,Taiwan,"Shibi, Gukeng Township, Yunlin County 郵遞區號 , Taiwan (R.O.C.)","Shibi, Gukeng Township, Yunlin County 郵遞區號 , Taiwan (R.O.C.)",東璧咖啡莊園,陳景立,Dongbi coffee,Gesha,Gesha,Natural / Dry,Natural / Dry,Natural / Dry Family,2022,2022,2022,2022,1300,single_value,1300.0,1300.0,False,False,False,,86.08,Very Good (85-89.99),8.0,8.17,8.0,7.92,7.92,7.92,8.17,10.0,10.0,10.0,10.3,0,0,0,yellow-green
18,Taiwan,Taiwan,"Gukeng Township, Yunlin County","Gukeng Township, Yunlin County",櫻桃果古坑咖啡莊園,王瀅惠,宸嶧國際有限公司,Gesha,Gesha,Natural / Dry,Natural / Dry,Natural / Dry Family,2021 / 2022,2021,2022,2022,1200,single_value,1200.0,1200.0,False,False,False,,85.92,Very Good (85-89.99),8.08,8.17,7.75,7.92,7.83,8.0,8.17,10.0,10.0,10.0,11.0,0,1,0,brownish
19,"Tanzania, United Republic Of","Tanzania, United Republic Of",Arusha,Arusha,BURKA,DORMAN (T) LIMITED,DORMAN (T) LIMITED,Bourbon,Bourbon,Washed / Wet,Washed / Wet,Washed / Wet Family,2022 / 2023,2022,2023,2022,1570-1600,range_dash,1585.0,1585.0,False,False,False,,85.83,Very Good (85-89.99),8.17,8.0,7.92,7.92,8.17,7.75,7.92,10.0,10.0,10.0,10.0,0,0,0,greenish
20,Guatemala,Guatemala,"Guatemala, Fraijanes, Santa Rosa","Guatemala, Fraijanes, Santa Rosa",Finca Vista Hermosa,Fredy Orantes,Taiwan Coffee Laboratory,Gesha,Gesha,Natural / Dry,Natural / Dry,Natural / Dry Family,2021 / 2022,2021,2022,2022,1900,single_value,1900.0,1900.0,False,False,False,,85.75,Very Good (85-89.99),8.0,7.92,8.08,7.92,7.75,8.0,8.08,10.0,10.0,10.0,11.6,0,0,0,yellowish
21,Taiwan,Taiwan,卓溪鄉Zhuoxi Township,卓溪鄉Zhuoxi Township,仲大叔咖啡莊園Uncle Chung.s Coffee Farm,游婷淯 YU TING YU,Taiwan Coffee Laboratory,Typica,Typica,Natural / Dry,Natural / Dry,Natural / Dry Family,2022,2022,2022,2022,850,single_value,850.0,850.0,False,False,False,,85.67,Very Good (85-89.99),8.08,8.0,7.92,7.92,8.0,7.83,7.92,10.0,10.0,10.0,10.4,0,0,0,green
22,Thailand,Thailand,Chiang Mai,Chiang Mai,Hom Doi,Lisu farmers,Lyrose,Catimor,Catimor,Pulped natural / honey,Pulped natural / honey,Natural / Dry Family,2021 / 2022,2021,2022,2022,1500-1700,range_dash,1600.0,1600.0,False,False,False,,85.67,Very Good (85-89.99),7.67,8.0,7.83,8.0,8.08,8.0,8.08,10.0,10.0,10.0,9.8,0,5,0,browish-green
23,Colombia,Colombia,Quindio,Quindio,El Diamante,Farm Bedoya Arango,Coffee Quality Union,Castillo Paraguaycito,Castillo Paraguaycito,,Unknown,Unknown,2022,2022,2022,2022,1350,single_value,1350.0,1350.0,False,False,False,,85.67,Very Good (85-89.99),8.08,8.0,7.83,8.17,7.75,7.83,8.0,10.0,10.0,10.0,11.3,0,2,0,brownish
24,Taiwan,Taiwan,Yunlin,Yunlin,永舜咖啡莊園,蘇甘永,Taiwan Coffee Laboratory,SL34,SL34,Washed / Wet,Washed / Wet,Washed / Wet Family,2021 / 2022,2021,2022,2022,1250,single_value,1250.0,1250.0,False,False,False,,85.58,Very Good (85-89.99),7.83,8.0,7.92,8.0,8.0,7.92,7.92,10.0,10.0,10.0,10.6,0,0,0,bluish-green
25,Brazil,Brazil,Região Vulcânica,Região Vulcânica,Fazenda Recreio,Diogo T. Dias de Macedo,"WIT wealth, investments & trust",,Unknown,Pulped natural / honey,Pulped natural / honey,Natural / Dry Family,2022,2022,2022,2022,1250,single_value,1250.0,1250.0,False,False,False,,85.5,Very Good (85-89.99),7.83,8.08,7.83,7.92,8.0,7.83,8.0,10.0,10.0,10.0,11.3,2,3,0,green
26,Taiwan,Taiwan,Chiayi,Chiayi,鄒築園ZouZhouYuan,方政倫,Taiwan Coffee Laboratory,Gesha,Gesha,Natural / Dry,Natural / Dry,Natural / Dry Family,2021 / 2022,2021,2022,2022,1300,single_value,1300.0,1300.0,False,False,False,,85.5,Very Good (85-89.99),7.92,7.92,8.0,7.92,7.83,7.92,8.0,10.0,10.0,10.0,9.1,0,2,0,green
27,Taiwan,Taiwan,Yunlin,Yunlin,嵩岳咖啡莊園,郭志豪,Taiwan Coffee Laboratory,Gesha,Gesha,Natural / Dry,Natural / Dry,Natural / Dry Family,2021 / 2022,2021,2022,2022,1200,single_value,1200.0,1200.0,False,False,False,,85.5,Very Good (85-89.99),8.17,8.08,7.92,8.0,7.58,7.83,7.92,10.0,10.0,10.0,10.6,0,0,0,green
28,Taiwan,Taiwan,Chiayi,Chiayi,他扶芽有機農園,陳清龍,Taiwan Coffee Laboratory,Gesha,Gesha,Natural / Dry,Natural / Dry,Natural / Dry Family,2021 / 2022,2021,2022,2022,1060,single_value,1060.0,1060.0,False,False,False,,85.5,Very Good (85-89.99),8.0,8.0,8.0,7.92,7.75,7.92,7.92,10.0,10.0,10.0,10.2,0,0,0,blue-green
29,United States (Hawaii),United States (Hawaii),Kona,Kona,Hokukano Ranch,Kona Hills LLC,Taiwan Coffee Laboratory,Typica,Typica,Washed / Wet,Washed / Wet,Washed / Wet Family,2021 / 2022,2021,2022,2022,600,single_value,600.0,600.0,False,False,False,,85.42,Very Good (85-89.99),8.0,7.92,8.0,7.83,7.67,8.0,8.0,10.0,10.0,10.0,9.3,0,0,0,green
30,Taiwan,Taiwan,壽豐鄉Shoufeng Township,壽豐鄉Shoufeng Township,鄉庭有機農場Siang-Ting Organic Farm,張進義Zhang Jin-Yi,Taiwan Coffee Laboratory,Typica,Typica,Washed / Wet,Washed / Wet,Washed / Wet Family,2022,2022,2022,2022,150-250,range_dash,200.0,200.0,False,False,False,,85.42,Very Good (85-89.99),8.0,8.0,7.83,7.83,7.75,7.92,8.08,10.0,10.0,10.0,11.4,0,0,0,bluish-green
31,Taiwan,Taiwan,壽豐鄉Shoufeng Township,壽豐鄉Shoufeng Township,鄉庭有機農場Siang-Ting Organic Farm,張進義Zhang Jin-Yi,Taiwan Coffee Laboratory,Typica,Typica,Washed / Wet,Washed / Wet,Washed / Wet Family,2022,2022,2022,2022,150-250,range_dash,200.0,200.0,False,False,False,,85.33,Very Good (85-89.99),7.92,8.0,7.83,7.92,7.83,7.83,8.0,10.0,10.0,10.0,10.8,0,0,0,green
32,Taiwan,Taiwan,"Dongshan Dist., Tainan City","Dongshan Dist., Tainan City",金讚咖啡農莊園(Jinzan Coffee Estate),"葉明讚 (YE,MING-ZAN)",Taiwan Coffee Laboratory,Gesha,Gesha,Washed / Wet,Washed / Wet,Washed / Wet Family,2022,2022,2022,2022,668,single_value,668.0,668.0,False,False,False,,85.33,Very Good (85-89.99),8.08,8.17,7.67,7.83,7.67,7.92,8.0,10.0,10.0,10.0,11.3,0,0,0,green
33,Ethiopia,Ethiopia,Oromia,Oromia,Eshetu farm,Eshetu,Alo Coffee,Ethiopian Heirlooms,Ethiopian Heirlooms,Washed / Wet,Washed / Wet,Washed / Wet Family,2021 / 2022,2021,2022,2022,1950,single_value,1950.0,1950.0,False,False,False,,85.33,Very Good (85-89.99),7.67,7.83,7.83,8.0,8.0,8.0,8.0,10.0,10.0,10.0,9.9,0,3,2,green
34,Ethiopia,Ethiopia,Southern Ethiopia Guji,Southern Ethiopia Guji,Uraga Bisrat washing station,Bisrat Melaku,TADESSE DESTA IMPORT & EXPORT,Ethiopian Heirlooms,Ethiopian Heirlooms,Natural / Dry,Natural / Dry,Natural / Dry Family,2021 / 2022,2021,2022,2022,2150 - 2350,range_dash,2250.0,2250.0,False,False,False,,85.33,Very Good (85-89.99),8.0,8.08,8.0,8.0,7.67,7.75,7.83,10.0,10.0,10.0,12.3,0,4,3,yellow green
35,Ethiopia,Ethiopia,OROMIA,OROMIA,YHAENU PLC FARM,YHAENU PLC,yhaenu plc,Ethiopian Heirlooms,Ethiopian Heirlooms,Washed / Wet,Washed / Wet,Washed / Wet Family,2021 / 2022,2021,2022,2022,1700,single_value,1700.0,1700.0,False,False,False,,85.25,Very Good (85-89.99),7.92,7.75,7.83,8.17,8.0,7.75,7.83,10.0,10.0,10.0,9.4,0,1,1,greenish
36,Taiwan,Taiwan,Chiayi,Chiayi,卓武山咖啡農場,許定燁,Taiwan Coffee Laboratory,Gesha,Gesha,Washed / Wet,Washed / Wet,Washed / Wet Family,2021 / 2022,2021,2022,2022,1200,single_value,1200.0,1200.0,False,False,False,,85.25,Very Good (85-89.99),8.0,7.92,7.83,7.92,7.83,7.83,7.92,10.0,10.0,10.0,9.5,0,0,0,bluish-green
37,Taiwan,Taiwan,"Dongshan Dist., Tainan City","Dongshan Dist., Tainan City",御香咖啡園 YU SIANG Coffee Estate,"陳建源(CHEN, JIAN-YUAN)",Taiwan Coffee Laboratory,Gesha,Gesha,Pulped natural / honey,Pulped natural / honey,Natural / Dry Family,2022,2022,2022,2022,650,single_value,650.0,650.0,False,False,False,,85.25,Very Good (85-89.99),8.25,8.08,7.83,7.75,7.67,7.75,7.92,10.0,10.0,10.0,11.3,0,0,0,green
38,Kenya,Kenya,Central,Central,Small Holder,Small Holder,IBERO (K) LTD,SL28,SL28,Washed / Wet,Washed / Wet,Washed / Wet Family,2022 / 2023,2022,2023,2022,1600-1900,range_dash,1750.0,1750.0,False,False,False,,85.25,Very Good (85-89.99),8.17,7.75,7.83,7.58,7.92,8.0,8.0,10.0,10.0,10.0,9.2,0,1,0,greenish
39,Taiwan,Taiwan,"Caoling , Gukeng Township, Yunlin County","Caoling , Gukeng Township, Yunlin County",皇庭咖啡莊園,陳榮豐,宸嶧國際有限公司,Gesha,Gesha,Washed / Wet,Washed / Wet,Washed / Wet Family,2017 / 2018,2017,2018,2018,850,single_value,850.0,850.0,False,False,False,,85.17,Very Good (85-89.99),7.75,7.92,7.75,8.0,7.83,7.92,8.0,10.0,10.0,10.0,10.3,0,0,0,bluish-green
40,Taiwan,Taiwan,秀林鄉Show Linxia Township,秀林鄉Show Linxia Township,花蓮縣秀林鄉特用作物（咖啡）產銷第一班Agriculture Production and Marketing Groups of Hualien Shlin township special crop (coffee) 1st class,李志祥 Li Zhi-xia,Taiwan Coffee Laboratory,Typica,Typica,Natural / Dry,Natural / Dry,Natural / Dry Family,2022,2022,2022,2022,300-500,range_dash,400.0,400.0,False,False,False,,85.08,Very Good (85-89.99),8.0,7.92,7.83,7.92,7.75,7.75,7.92,10.0,10.0,10.0,10.0,0,0,0,brownish
41,Taiwan,Taiwan,台灣屏東,台灣屏東,八一高地,陳科翰,茂泰生技股份有限公司,Typica,Typica,Washed / Wet,Washed / Wet,Washed / Wet Family,2021 / 2022,2021,2022,2022,1000,single_value,1000.0,1000.0,False,False,False,,85.08,Very Good (85-89.99),8.0,8.08,7.67,7.75,7.92,7.83,7.83,10.0,10.0,10.0,10.5,0,0,0,greenish
42,Taiwan,Taiwan,苗栗縣,苗栗縣,香夾蘭莊園,黃簡秋蘭,Taiwu Coffee Cooperative,Gesha,Gesha,Washed / Wet,Washed / Wet,Washed / Wet Family,2021 / 2022,2021,2022,2022,800,single_value,800.0,800.0,False,False,False,,85.08,Very Good (85-89.99),8.0,7.92,7.67,8.0,7.75,7.83,7.92,10.0,10.0,10.0,10.0,0,5,0,pale yellow
43,Uganda,Uganda,Rwenzori,Rwenzori,Gideon Kule,Kyagalanyi coffee limited,Kyagalanyi Coffee Limited,SL14,SL14,Washed / Wet,Washed / Wet,Washed / Wet Family,2021 / 2022,2021,2022,2022,1905,single_value,1905.0,1905.0,False,False,False,,85.0,Very Good (85-89.99),8.0,7.92,7.75,7.75,7.75,7.92,7.92,10.0,10.0,10.0,11.0,0,1,0,green
44,Taiwan,Taiwan,壽豐鄉Shoufeng Township,壽豐鄉Shoufeng Township,愛姬咖啡莊園iGfarm,劉孟宗 LIU MENG TSUNG,Taiwan Coffee Laboratory,Typica,Typica,,Unknown,Unknown,2021 / 2022,2021,2022,2022,150,single_value,150.0,150.0,True,False,False,,85.0,Very Good (85-89.99),7.92,8.0,7.92,8.0,7.58,7.75,7.83,10.0,10.0,10.0,10.9,0,0,0,green
45,Taiwan,Taiwan,Yunlin,Yunlin,青山坪咖啡農場,王清連,Taiwan Coffee Laboratory,Gesha,Gesha,Natural / Dry,Natural / Dry,Natural / Dry Family,2021 / 2022,2021,2022,2022,800,single_value,800.0,800.0,False,False,False,,85.0,Very Good (85-89.99),8.17,8.08,7.83,7.67,7.67,7.75,7.83,10.0,10.0,10.0,10.1,0,0,0,yellow green
46,Guatemala,Guatemala,Antigua,Antigua,varias fincas,Varios productores,"Peter Schoenfeld, S.A.",Caturra,Caturra,Washed / Wet,Washed / Wet,Washed / Wet Family,2022 / 2023,2022,2023,2022,1600,single_value,1600.0,1600.0,False,False,False,,85.0,Very Good (85-89.99),7.67,8.08,7.67,8.0,7.92,7.83,7.83,10.0,10.0,10.0,9.9,0,1,1,green
47,Guatemala,Guatemala,Santa Rosa,Santa Rosa,PEÑA BLANCA,PABLO CHUY,"OLAM AGRO GUATEMALA, S.A.",Catuai,Catuai,Washed / Wet,Washed / Wet,Washed / Wet Family,2022 / 2023,2022,2023,2022,4700,single_value,4700.0,1432.5600000000002,False,True,True,1432.5600000000002,85.0,Very Good (85-89.99),7.67,8.0,7.75,7.92,8.0,7.83,7.83,10.0,10.0,10.0,11.3,0,4,0,green
48,Guatemala,Guatemala,quiche,quiche,san francisco cotzal,san francisco cotzal,"inmobiliaria e inversiones dos mil, s.a.",Caturra,Caturra,Washed / Wet,Washed / Wet,Washed / Wet Family,2021 / 2022,2021,2022,2022,1600,single_value,1600.0,1600.0,False,False,False,,84.92,Good (80-84.99),7.83,7.92,7.75,8.0,7.75,7.75,7.92,10.0,10.0,10.0,11.7,0,1,3,green
49,Taiwan,Taiwan,新竹縣,新竹縣,六曲窩,黃俊淦,Taiwu Coffee Cooperative,Typica,Typica,Washed / Wet,Washed / Wet,Washed / Wet Family,2021 / 2022,2021,2022,2022,350-400,range_dash,375.0,375.0,False,False,False,,84.92,Good (80-84.99),7.92,7.92,7.83,7.83,7.75,7.83,7.83,10.0,10.0,10.0,9.5,0,2,0,green
50,Taiwan,Taiwan,新竹縣,新竹縣,北平山林,戴禎男,Taiwu Coffee Cooperative,Yellow Bourbon,Yellow Bourbon,Natural / Dry,Natural / Dry,Natural / Dry Family,2021 / 2022,2021,2022,2022,230,single_value,230.0,230.0,False,False,False,,84.83,Good (80-84.99),8.0,8.0,7.75,7.75,7.67,7.75,7.92,10.0,10.0,10.0,9.7,0,0,0,brownish
51,Indonesia,Indonesia,Aceh Tengah,Aceh Tengah,PT Indo CafCo North Sumatera,PT Indo CafCo North Sumatera,InterAmerican Coffee,Catimor,Catimor,,Unknown,Unknown,2022,2022,2022,2022,1200,single_value,1200.0,1200.0,False,False,False,,84.83,Good (80-84.99),7.83,7.92,7.75,7.83,7.83,7.83,7.83,10.0,10.0,10.0,11.9,0,2,3,bluish-green
52,Peru,Peru,Villa Rica,Villa Rica,Ruya Yayu Farm,Ruya Yayu,Taiwan Coffee Laboratory,Gesha,Gesha,Washed / Wet,Washed / Wet,Washed / Wet Family,2022,2022,2022,2022,1750,single_value,1750.0,1750.0,False,False,False,,84.83,Good (80-84.99),8.0,8.0,7.83,7.83,7.58,7.83,7.75,10.0,10.0,10.0,10.7,0,0,0,greenish
53,"Tanzania, United Republic Of","Tanzania, United Republic Of",Mbeya,Mbeya,IYENGA,IYENGA AMCOS,VOLCAFE/TaylorWinch Tanzania Ltd,Bourbon,Bourbon,Washed / Wet,Washed / Wet,Washed / Wet Family,2022 / 2023,2022,2023,2022,1654,single_value,1654.0,1654.0,False,False,False,,84.83,Good (80-84.99),7.92,7.75,7.75,7.92,7.83,7.83,7.83,10.0,10.0,10.0,11.2,0,0,0,greenish
54,Taiwan,Taiwan,Chiayi,Chiayi,優遊吧斯瑪翡咖啡莊園,鄭虞坪,Taiwan Coffee Laboratory,SL34,SL34,Natural / Dry,Natural / Dry,Natural / Dry Family,2021 / 2022,2021,2022,2022,1300,single_value,1300.0,1300.0,False,False,False,,84.83,Good (80-84.99),7.83,7.83,7.67,7.67,7.83,8.0,8.0,10.0,10.0,10.0,9.5,0,0,0,greenish
55,Taiwan,Taiwan,Nantou,Nantou,森悅高峰咖啡莊園,吳振宏,Taiwan Coffee Laboratory,SL34,SL34,Washed / Wet,Washed / Wet,Washed / Wet Family,2021 / 2022,2021,2022,2022,1400,single_value,1400.0,1400.0,False,False,False,,84.75,Good (80-84.99),7.67,7.92,7.92,7.83,7.75,7.83,7.83,10.0,10.0,10.0,10.4,0,0,0,green
56,Brazil,Brazil,Campo das Vertentes,Campo das Vertentes,Fazenda Guariroba,Homero Paiva,Mirai Seeds Corp.,Yellow Bourbon,Yellow Bourbon,Double Carbonic Maceration / Natural,Double Carbonic Maceration / Natural,Natural / Dry Family,2022,2022,2022,2022,1100,single_value,1100.0,1100.0,False,False,False,,84.75,Good (80-84.99),7.83,7.92,7.75,7.92,7.67,7.83,7.83,10.0,10.0,10.0,11.2,0,5,1,green
57,Panama,Panama,Boquete,Boquete,La Santa,La Santa,Panamerican Coffee Trading,Catuai,Catuai,Washed / Wet,Washed / Wet,Washed / Wet Family,2022 / 2023,2022,2023,2022,1200,single_value,1200.0,1200.0,False,False,False,,84.75,Good (80-84.99),7.83,7.83,7.75,7.92,7.83,7.75,7.83,10.0,10.0,10.0,10.3,0,5,1,bluish-green
58,Taiwan,Taiwan,台灣屏東,台灣屏東,嵐雲綠海咖啡,卓榮華,茂泰生技股份有限公司,Yellow Bourbon,Yellow Bourbon,Pulped natural / honey,Pulped natural / honey,Natural / Dry Family,2021 / 2022,2021,2022,2022,1200,single_value,1200.0,1200.0,False,False,False,,84.75,Good (80-84.99),7.92,8.08,7.67,7.92,7.67,7.75,7.75,10.0,10.0,10.0,10.0,0,0,0,blue-green
59,Guatemala,Guatemala,Huehuetenango,Huehuetenango,Varias Fincas,Varios Productores,"Peter Schoenfeld, S.A.",Caturra,Caturra,Washed / Wet,Washed / Wet,Washed / Wet Family,2022 / 2023,2022,2023,2022,1600,single_value,1600.0,1600.0,False,False,False,,84.67,Good (80-84.99),7.67,8.0,7.67,7.83,7.92,7.67,7.92,10.0,10.0,10.0,10.6,0,1,0,green
60,Guatemala,Guatemala,ANTIGUA GUATEMALA,ANTIGUA GUATEMALA,SAN RAFAEL URIAS VALDES,"VALBROS, S. A.","VALBROS, S. A.",Bourbon,Bourbon,Natural / Dry,Natural / Dry,Natural / Dry Family,2021 / 2022,2021,2022,2022,4895,single_value,4895.0,1491.996,False,True,True,1491.996,84.67,Good (80-84.99),7.83,8.0,7.67,7.83,7.75,7.75,7.83,10.0,10.0,10.0,10.9,0,2,3,yellow-green
61,Costa Rica,Costa Rica,Tarrazu,Tarrazu,Gamboa Farm,Martin Gutierrez,CECA S.A.,Caturra,Caturra,Washed / Wet,Washed / Wet,Washed / Wet Family,2022 / 2023,2022,2023,2022,1850,single_value,1850.0,1850.0,False,False,False,,84.67,Good (80-84.99),7.58,7.83,7.5,7.67,7.83,7.67,8.58,10.0,10.0,10.0,10.0,0,2,1,green
62,Taiwan,Taiwan,新竹縣,新竹縣,羅馬8號莊園,羅政宏,Taiwu Coffee Cooperative,Typica,Typica,Pulped natural / honey,Pulped natural / honey,Natural / Dry Family,2021 / 2022,2021,2022,2022,200-300,range_dash,250.0,250.0,False,False,False,,84.58,Good (80-84.99),7.83,7.83,7.75,7.75,7.75,7.75,7.92,10.0,10.0,10.0,9.6,0,0,0,greenish
63,Taiwan,Taiwan,"( Dongshan Dist., Tainan City)","( Dongshan Dist., Tainan City)",大鋤花間(Dachu Coffee Estate),"郭雅聰（KUO,YA-TSUNG）",Taiwan Coffee Laboratory,Gesha,Gesha,Pulped natural / honey,Pulped natural / honey,Natural / Dry Family,2022,2022,2022,2022,700,single_value,700.0,700.0,False,False,False,,84.58,Good (80-84.99),8.17,7.83,7.67,7.83,7.67,7.67,7.75,10.0,10.0,10.0,11.5,0,0,0,green
64,Nicaragua,Nicaragua,ESTELI,ESTELI,Finca Las Dos Marias,NicaNoLA Coffee,NicaNoLA Coffee,Catrenic,Catrenic,Natural / Dry,Natural / Dry,Natural / Dry Family,2021 / 2022,2021,2022,2022,1350,single_value,1350.0,1350.0,False,False,False,,84.58,Good (80-84.99),7.92,7.75,7.67,7.67,7.83,7.75,8.0,10.0,10.0,10.0,9.9,1,2,0,green
65,Taiwan,Taiwan,Chiayi,Chiayi,雅慕伊咖啡莊園,浦瀚文,Taiwan Coffee Laboratory,Gesha,Gesha,Washed / Wet,Washed / Wet,Washed / Wet Family,2021 / 2022,2021,2022,2022,1250,single_value,1250.0,1250.0,False,False,False,,84.58,Good (80-84.99),8.08,7.83,7.67,7.67,7.67,7.75,7.92,10.0,10.0,10.0,11.2,0,2,0,green
66,Taiwan,Taiwan,Chiayi,Chiayi,名陽園,王政淵,Taiwan Coffee Laboratory,SL34,SL34,Natural / Dry,Natural / Dry,Natural / Dry Family,2021 / 2022,2021,2022,2022,1450,single_value,1450.0,1450.0,False,False,False,,84.58,Good (80-84.99),7.83,8.0,7.67,7.75,7.67,7.75,7.92,10.0,10.0,10.0,10.3,0,0,0,green
67,Vietnam,Vietnam,Quang Tri,Quang Tri,CupnCare,TONG PHUC LAM TRADING SERVICES COMPANY LIMITED,Taiwan Coffee Laboratory,Catimor,Catimor,Natural / Dry,Natural / Dry,Natural / Dry Family,2021 / 2022,2021,2022,2022,650,single_value,650.0,650.0,False,False,False,,84.58,Good (80-84.99),8.0,7.83,7.75,7.67,7.58,7.83,7.92,10.0,10.0,10.0,11.6,0,0,0,brownish
68,Costa Rica,Costa Rica,"Los Santos,Tarrazu","Los Santos,Tarrazu",La Cumbre,Santa Maria de Dota,Coffee Quality Union,Gesha,Gesha,Washed / Wet,Washed / Wet,Washed / Wet Family,2022,2022,2022,2022,1900,single_value,1900.0,1900.0,False,False,False,,84.5,Good (80-84.99),7.75,7.83,7.67,7.83,7.75,7.75,7.92,10.0,10.0,10.0,11.7,0,0,1,green
69,Taiwan,Taiwan,苗栗縣,苗栗縣,苗55咖啡莊園,李鴻儀,Taiwu Coffee Cooperative,unknown,unknown,Pulped natural / honey,Pulped natural / honey,Natural / Dry Family,2021 / 2022,2021,2022,2022,520,single_value,520.0,520.0,False,False,False,,84.5,Good (80-84.99),7.75,7.92,7.83,7.75,7.75,7.75,7.75,10.0,10.0,10.0,11.3,0,0,0,bluish-green
70,Honduras,Honduras,"Centro, Lagunetillas-Ajuterique, Comayagua","Centro, Lagunetillas-Ajuterique, Comayagua",La Cuchilla,Jose Nahum Maldonado,Mercon Honduras,Catuai,Catuai,Washed / Wet,Washed / Wet,Washed / Wet Family,2022 / 2023,2022,2023,2022,1368,single_value,1368.0,1368.0,False,False,False,,84.5,Good (80-84.99),7.83,7.92,7.75,7.75,7.75,7.75,7.75,10.0,10.0,10.0,9.8,0,3,0,green
71,Ethiopia,Ethiopia,Ethiopia,Ethiopia,TRACON TRADING PLC,TRACON TRADING PLC,Tracon Trading PLC,Ethiopian Heirlooms,Ethiopian Heirlooms,Washed / Wet,Washed / Wet,Washed / Wet Family,2021 / 2022,2021,2022,2022,1943,single_value,1943.0,1943.0,False,False,False,,84.5,Good (80-84.99),7.92,7.83,7.75,7.92,7.58,7.67,7.83,10.0,10.0,10.0,10.9,0,9,0,green
72,Taiwan,Taiwan,玉里鎮Yuli Township,玉里鎮Yuli Township,917農場 (917 Farm),黃怡瑄 Huang Yi-xuan,Taiwan Coffee Laboratory,Typica,Typica,Natural / Dry,Natural / Dry,Natural / Dry Family,2021 / 2022,2021,2022,2022,400,single_value,400.0,400.0,False,False,False,,84.5,Good (80-84.99),8.08,7.92,7.75,7.83,7.5,7.58,7.83,10.0,10.0,10.0,10.2,0,0,0,green
73,Taiwan,Taiwan,Yunlin,Yunlin,皇庭咖啡莊園,陳榮豐,Taiwan Coffee Laboratory,Gesha,Gesha,Washed / Wet,Washed / Wet,Washed / Wet Family,2021 / 2022,2021,2022,2022,850,single_value,850.0,850.0,False,False,False,,84.42,Good (80-84.99),7.83,8.0,7.5,7.75,7.75,7.75,7.83,10.0,10.0,10.0,10.1,0,1,0,bluish-green
74,Guatemala,Guatemala,Huehuetenango,Huehuetenango,Finca Alta Luz,Maria de los Angeles Perez,"Retrillas del pacifico, s.a.",Bourbon,Bourbon,Washed / Wet,Washed / Wet,Washed / Wet Family,2022 / 2023,2022,2023,2022,1300-1400,range_dash,1350.0,1350.0,False,False,False,,84.33,Good (80-84.99),7.67,7.83,7.75,7.75,7.83,7.75,7.75,10.0,10.0,10.0,9.2,0,5,1,green
75,United States (Hawaii),United States (Hawaii),Ka'u district of Big Island,Ka'u district of Big Island,Miranda's Farm,Jose & Berta Miranda,Taiwan Coffee Laboratory,Catuai,Catuai,Washed / Wet,Washed / Wet,Washed / Wet Family,2022,2022,2022,2022,1300,single_value,1300.0,1300.0,False,False,False,,84.33,Good (80-84.99),7.92,7.83,7.75,7.92,7.5,7.67,7.75,10.0,10.0,10.0,10.1,3,7,0,yellow-green
76,Ethiopia,Ethiopia,Addis Ababa,Addis Ababa,Bisrat Melaku Washing Station,Bisrat Melaku,Tadesse Desta import export,Ethiopian Heirlooms,Ethiopian Heirlooms,Natural / Dry,Natural / Dry,Natural / Dry Family,2021 / 2022,2021,2022,2022,2361,single_value,2361.0,2361.0,False,False,False,,84.33,Good (80-84.99),7.83,7.75,7.58,7.92,8.0,7.5,7.75,10.0,10.0,10.0,11.0,0,4,5,yellow green
77,El Salvador,El Salvador,Chalatenango,Chalatenango,San Nicolas,various producers,Taiwan Coffee Laboratory,Pacamara,Pacamara,Pulped natural / honey,Pulped natural / honey,Natural / Dry Family,2021,2021,2021,2021,1500,single_value,1500.0,1500.0,False,False,False,,84.33,Good (80-84.99),7.83,7.83,7.83,7.83,7.67,7.67,7.67,10.0,10.0,10.0,10.3,0,4,0,brownish
78,Colombia,Colombia,Sierra Nevada de Santa Marta,Sierra Nevada de Santa Marta,Asociacion Tayronaca,Grupo Tap,Sucafina NA,Castillo and Colombia blend,Castillo and Colombia blend,Washed / Wet,Washed / Wet,Washed / Wet Family,2021 / 2022,2021,2022,2022,2100,single_value,2100.0,2100.0,False,False,False,,84.33,Good (80-84.99),7.75,7.75,7.75,7.75,7.83,7.67,7.83,10.0,10.0,10.0,11.6,0,1,0,green
79,Indonesia,Indonesia,"Lintong Nihuta/Dolok Sanggul,Sumatera Utara","Lintong Nihuta/Dolok Sanggul,Sumatera Utara","Lintong Nihuta/Dolok Sanggul,Sumatera Utara","Lintong Nihuta/Dolok Sanggul,Sumatera Utara",Coffee Quality Union,"Jember,TIM-TIM,Ateng","Jember,TIM-TIM,Ateng",Wet Hulling,Wet Hulling,Washed / Wet Family,2022,2022,2022,2022,1250-1350,range_dash,1300.0,1300.0,False,False,False,,84.25,Good (80-84.99),7.67,7.67,7.83,7.83,7.67,7.75,7.83,10.0,10.0,10.0,11.5,0,1,1,blue-green
80,Guatemala,Guatemala,Atitlán,Atitlán,San jose del lago,"Cafetalera Paquim, S.A.","Peter Schoenfeld, S.A.",Typica,Typica,Washed / Wet,Washed / Wet,Washed / Wet Family,2022 / 2023,2022,2023,2022,1600,single_value,1600.0,1600.0,False,False,False,,84.25,Good (80-84.99),7.58,7.92,7.67,7.75,7.83,7.75,7.75,10.0,10.0,10.0,10.0,0,1,0,green
81,Madagascar,Madagascar,Itasy,Itasy,Mandroso,Marc Dumont,Vao Vao Sarl,Bourbon,Bourbon,Washed / Wet,Washed / Wet,Washed / Wet Family,2022,2022,2022,2022,1500,single_value,1500.0,1500.0,False,False,False,,84.25,Good (80-84.99),7.92,7.92,7.58,7.75,7.58,7.67,7.83,10.0,10.0,10.0,12.1,0,0,0,blue-green
82,Honduras,Honduras,"Centro, Lagunetillas-Ajuterique, Comayagua","Centro, Lagunetillas-Ajuterique, Comayagua",La Cuchilla,Jose Nahum Maldonado,Mercon Honduras,Catuai,Catuai,Washed / Wet,Washed / Wet,Washed / Wet Family,2022 / 2023,2022,2023,2022,1368,single_value,1368.0,1368.0,False,False,False,,84.17,Good (80-84.99),7.75,7.75,7.58,7.83,7.75,7.75,7.75,10.0,10.0,10.0,10.2,0,2,0,green
83,Guatemala,Guatemala,quiche,quiche,san francisco cotzal,san francisco cotzal,"inmobiliaria e inversiones dos mil, s.a.",Caturra,Caturra,Washed / Wet,Washed / Wet,Washed / Wet Family,2021 / 2022,2021,2022,2022,1600,single_value,1600.0,1600.0,False,False,False,,84.08,Good (80-84.99),7.58,7.92,7.58,7.83,7.75,7.67,7.75,10.0,10.0,10.0,11.0,0,2,3,green
84,Taiwan,Taiwan,新北市,新北市,竹崙子莊園,邱建明,Taiwu Coffee Cooperative,unknown,unknown,Pulped natural / honey,Pulped natural / honey,Natural / Dry Family,2021 / 2022,2021,2022,2022,150,single_value,150.0,150.0,True,False,False,,84.08,Good (80-84.99),7.83,7.92,7.83,7.58,7.58,7.67,7.67,10.0,10.0,10.0,10.8,0,2,0,greenish
85,Taiwan,Taiwan,Yunlin,Yunlin,元富咖啡莊園,李泓錡,Taiwan Coffee Laboratory,Gesha,Gesha,Natural / Dry,Natural / Dry,Natural / Dry Family,2021 / 2022,2021,2022,2022,800,single_value,800.0,800.0,False,False,False,,84.08,Good (80-84.99),7.92,7.75,7.67,7.75,7.75,8.0,7.92,9.33,10.0,10.0,10.6,0,0,0,yello-green
86,Guatemala,Guatemala,Oriente Santa rosa,Oriente Santa rosa,varias fincas,varios productores,"Peter Schoenfeld, S.A.",Caturra,Caturra,Washed / Wet,Washed / Wet,Washed / Wet Family,2022 / 2023,2022,2023,2022,1500-1600,range_dash,1550.0,1550.0,False,False,False,,84.08,Good (80-84.99),7.67,7.83,7.67,7.83,7.75,7.67,7.67,10.0,10.0,10.0,11.0,0,2,1,green
87,Guatemala,Guatemala,Sierra de las minas,Sierra de las minas,varias fincas,varios productores,"Peter Schoenfeld, S.A.",Caturra,Caturra,Washed / Wet,Washed / Wet,Washed / Wet Family,2022 / 2023,2022,2023,2022,1500-1600,range_dash,1550.0,1550.0,False,False,False,,84.0,Good (80-84.99),7.67,7.92,7.67,7.75,7.67,7.58,7.75,10.0,10.0,10.0,11.0,0,2,2,green
88,Honduras,Honduras,"San Andrés, Lempira","San Andrés, Lempira",finca de la casa,Irma Consuelo Bonilla Hernandez,Taiwan Coffee Laboratory,Typica,Typica,Pulped natural / honey,Pulped natural / honey,Natural / Dry Family,2021 / 2022,2021,2022,2022,1800,single_value,1800.0,1800.0,False,False,False,,84.0,Good (80-84.99),7.75,7.75,7.75,7.67,7.75,7.67,7.67,10.0,10.0,10.0,9.4,0,0,0,green
89,"Tanzania, United Republic Of","Tanzania, United Republic Of",ARUSHA,ARUSHA,KONGONI ESTATE,DORMAN (T) LTD,C.DORMAN SEZ LTD,Bourbon,Bourbon,Washed / Wet,Washed / Wet,Washed / Wet Family,2022 / 2023,2022,2023,2022,1600-1750,range_dash,1675.0,1675.0,False,False,False,,84.0,Good (80-84.99),7.58,7.67,7.75,7.75,7.75,7.75,7.75,10.0,10.0,10.0,9.8,0,3,0,greenish
90,Ethiopia,Ethiopia,Sidama,Sidama,Ecom Agroindustrial,Ecom Agroindustrial,Descafeinadores Mexicano SA. de CV,Ethiopian Heirlooms,Ethiopian Heirlooms,Washed / Wet,Washed / Wet,Washed / Wet Family,2021 / 2022,2021,2022,2022,1800,single_value,1800.0,1800.0,False,False,False,,84.0,Good (80-84.99),8.0,7.75,7.5,7.67,7.67,7.67,7.75,10.0,10.0,10.0,11.3,1,1,1,green
91,"Tanzania, United Republic Of","Tanzania, United Republic Of",KILIMANJARO,KILIMANJARO,MASHIMA AMCOS,DORMAN,DORMAN (T) LTD,Bourbon,Bourbon,Washed / Wet,Washed / Wet,Washed / Wet Family,2022 / 2023,2022,2023,2022,1400-1700,range_dash,1550.0,1550.0,False,False,False,,84.0,Good (80-84.99),7.75,7.58,7.58,7.92,7.67,7.75,7.75,10.0,10.0,10.0,11.6,0,2,0,greenish
92,Colombia,Colombia,Huila,Huila,COO,Cooperativa Central de Caficultores del Huila,InterAmerican Coffee,Caturra,Caturra,Washed / Wet,Washed / Wet,Washed / Wet Family,2022,2022,2022,2022,1400-1700,range_dash,1550.0,1550.0,False,False,False,,84.0,Good (80-84.99),7.67,7.83,7.58,7.92,7.67,7.67,7.67,10.0,10.0,10.0,13.3,0,3,2,green
93,Costa Rica,Costa Rica,Tarrazu,Tarrazu,Gamboa Farm,Martin Gutierrez,CECA S.A.,Caturra,Caturra,Washed / Wet,Washed / Wet,Washed / Wet Family,2022 / 2023,2022,2023,2022,1850,single_value,1850.0,1850.0,False,False,False,,83.92,Good (80-84.99),7.67,7.92,7.58,7.75,7.67,7.58,7.75,10.0,10.0,10.0,9.5,0,2,0,green
94,Guatemala,Guatemala,New Oriente,New Oriente,El Morito,Various producers,Taiwan Coffee Laboratory,Gesha,Gesha,Natural / Dry,Natural / Dry,Natural / Dry Family,2021,2021,2021,2021,1900,single_value,1900.0,1900.0,False,False,False,,83.92,Good (80-84.99),7.83,7.83,7.58,7.67,7.67,7.58,7.75,10.0,10.0,10.0,11.9,0,0,0,greenish
95,Guatemala,Guatemala,Atitlán,Atitlán,San jose del lago,"Cafetalera Paquim, S.A.","Peter Schoenfeld, S.A.",Bourbon,Bourbon,Washed / Wet,Washed / Wet,Washed / Wet Family,2022 / 2023,2022,2023,2022,1600,single_value,1600.0,1600.0,False,False,False,,83.92,Good (80-84.99),7.58,7.83,7.58,7.75,7.67,7.75,7.75,10.0,10.0,10.0,10.0,0,2,1,green
96,Thailand,Thailand,Nan,Nan,Baan San Charoen,Phaibul Kitcharoen,Coffee Quality Union,Catimor,Catimor,Natural / Dry,Natural / Dry,Natural / Dry Family,2022,2022,2022,2022,1300-1400,range_dash,1350.0,1350.0,False,False,False,,83.92,Good (80-84.99),7.75,7.67,7.58,7.75,7.75,7.67,7.75,10.0,10.0,10.0,11.6,0,3,0,yellowish
97,Colombia,Colombia,Pereira,Pereira,,RACAFE & CIA SCA,Marubeni Corporation,,Unknown,Washed / Wet,Washed / Wet,Washed / Wet Family,2022 / 2023,2022,2023,2022,1411,single_value,1411.0,1411.0,False,False,False,,83.83,Good (80-84.99),7.67,7.75,7.67,7.75,7.67,7.67,7.67,10.0,10.0,10.0,11.9,0,1,1,green
98,Guatemala,Guatemala,HUEHUETENANGO,HUEHUETENANGO,FINCA ALTA LUZ,MARIA DE LOS ANGELES PEREZ,"RETRILLAS DEL PACIFICO, S. A.","BOURBON, CATURRA Y CATIMOR","BOURBON, CATURRA Y CATIMOR",Natural / Dry,Natural / Dry,Natural / Dry Family,2021 / 2022,2021,2022,2022,1400,single_value,1400.0,1400.0,False,False,False,,83.83,Good (80-84.99),7.58,7.83,7.67,7.67,7.67,7.67,7.75,10.0,10.0,10.0,10.8,0,4,0,green
99,Guatemala,Guatemala,ANTIGUA GUATEMALA,ANTIGUA GUATEMALA,SAN RAFAEL URIAS VALDES,"VALBROS, S. A.",Asociación Nacional del Cafe,Bourbon,Bourbon,Washed / Wet,Washed / Wet,Washed / Wet Family,2021 / 2022,2021,2022,2022,4895 A 5650,multi_number_other,5272.5,1607.058,False,True,True,1607.058,83.83,Good (80-84.99),7.58,7.92,7.5,7.67,7.75,7.67,7.75,10.0,10.0,10.0,10.9,0,4,1,greenish
100,Ethiopia,Ethiopia,Sidama,Sidama,Gerbicho Lela Cooperative,Sidama Coffee Farmers Cooperative Union,Taylor Winch Coffee Ltd,Ethiopian Heirlooms,Ethiopian Heirlooms,Washed / Wet,Washed / Wet,Washed / Wet Family,2021 / 2022,2021,2022,2022,2000,single_value,2000.0,2000.0,False,False,False,,83.83,Good (80-84.99),7.83,7.67,7.5,7.92,7.5,7.67,7.75,10.0,10.0,10.0,12.0,0,12,0,green
101,Colombia,Colombia,Cauca,Cauca,N / A,Regional producers,ECOM COLOMBIA,Caturra,Caturra,Washed / Wet,Washed / Wet,Washed / Wet Family,2022 / 2023,2022,2023,2022,1700,single_value,1700.0,1700.0,False,False,False,,83.83,Good (80-84.99),7.92,7.75,7.42,7.58,7.92,7.67,7.58,10.0,10.0,10.0,12.1,2,5,5,green
102,United States (Hawaii),United States (Hawaii),Ka'u,Ka'u,various farms,Isla Custom Coffees,Taiwan Coffee Laboratory,Typica,Typica,Washed / Wet,Washed / Wet,Washed / Wet Family,2022,2022,2022,2022,400-600,range_dash,500.0,500.0,False,False,False,,83.83,Good (80-84.99),7.67,7.92,7.58,7.58,7.58,7.75,7.75,10.0,10.0,10.0,11.8,0,3,3,green
103,Colombia,Colombia,Tolima,Tolima,La Gallera,Oscar Javier Paez & Family,Taiwan Coffee Laboratory,Bourbon Sidra,Bourbon Sidra,Pulped natural / honey,Pulped natural / honey,Natural / Dry Family,2022,2022,2022,2022,1800,single_value,1800.0,1800.0,False,False,False,,83.75,Good (80-84.99),7.67,7.92,7.67,7.58,7.67,7.67,7.58,10.0,10.0,10.0,10.6,0,1,0,greenish
104,Mexico,Mexico,Chiapas,Chiapas,Finca Custepec,Armando Pohlenz,Exportadora Café California,Sarchimor,Sarchimor,Washed / Wet,Washed / Wet,Washed / Wet Family,2022 / 2023,2022,2023,2022,1200,single_value,1200.0,1200.0,False,False,False,,83.75,Good (80-84.99),7.67,7.67,7.58,7.67,7.83,7.58,7.75,10.0,10.0,10.0,11.7,4,12,0,green
105,Colombia,Colombia,,nan,,,Coffee Quality Institute,,Unknown,,Unknown,Unknown,2022,2022,2022,2022,,missing,,,False,False,False,,83.67,Good (80-84.99),7.83,7.75,7.5,7.58,7.67,7.67,7.67,10.0,10.0,10.0,12.4,1,9,0,greenish
106,Taiwan,Taiwan,"Caoling , Gukeng Township, Yunlin County","Caoling , Gukeng Township, Yunlin County",永舜咖啡莊園,蘇甘永,Yongshun,SL34,SL34,Washed / Wet,Washed / Wet,Washed / Wet Family,2022,2022,2022,2022,1250,single_value,1250.0,1250.0,False,False,False,,83.67,Good (80-84.99),7.67,7.67,7.75,7.75,7.5,7.67,7.67,10.0,10.0,10.0,10.0,0,0,0,bluish-green
107,Myanmar,Myanmar,South Shan State,South Shan State,Aromatic,Lim,Taiwan Coffee Laboratory,"Catimor,Catuai,Caturra,Bourbon","Catimor,Catuai,Caturra,Bourbon",Natural / Dry,Natural / Dry,Natural / Dry Family,2022,2022,2022,2022,1400,single_value,1400.0,1400.0,False,False,False,,83.67,Good (80-84.99),7.83,7.83,7.67,7.58,7.58,7.58,7.58,10.0,10.0,10.0,10.2,0,1,1,pale yellow
108,Taiwan,Taiwan,新竹縣,新竹縣,恆珊農場,羅以珊,Taiwu Coffee Cooperative,unknown,unknown,Pulped natural / honey,Pulped natural / honey,Natural / Dry Family,2021 / 2022,2021,2022,2022,200-400,range_dash,300.0,300.0,False,False,False,,83.67,Good (80-84.99),7.58,7.75,7.67,7.83,7.5,7.67,7.67,10.0,10.0,10.0,9.2,0,0,0,greenish
109,Honduras,Honduras,"San Jose, La Paz","San Jose, La Paz",Maria Bonita,Pedro Turcios,Taiwan Coffee Laboratory,Parainema,Parainema,Natural / Dry,Natural / Dry,Natural / Dry Family,2021,2021,2021,2021,1470,single_value,1470.0,1470.0,False,False,False,,83.67,Good (80-84.99),7.67,7.67,7.58,7.75,7.67,7.67,7.67,10.0,10.0,10.0,11.1,0,1,2,pale yellow
110,Taiwan,Taiwan,新竹縣,新竹縣,正源咖啡,彭文正,Taiwu Coffee Cooperative,unknown,unknown,Natural / Dry,Natural / Dry,Natural / Dry Family,2021 / 2022,2021,2022,2022,250-400,range_dash,325.0,325.0,False,False,False,,83.58,Good (80-84.99),7.58,7.67,7.5,7.75,7.75,7.67,7.67,10.0,10.0,10.0,8.4,0,0,0,green
111,Taiwan,Taiwan,新竹縣,新竹縣,宋明光	蝙蝠洞莊園	蝙蝠洞莊園,宋明光,Taiwu Coffee Cooperative,Typica,Typica,Pulped natural / honey,Pulped natural / honey,Natural / Dry Family,2021 / 2022,2021,2022,2022,250-300,range_dash,275.0,275.0,False,False,False,,83.58,Good (80-84.99),7.58,7.75,7.58,7.75,7.58,7.67,7.67,10.0,10.0,10.0,9.1,0,0,0,green
112,Guatemala,Guatemala,QUICHE,QUICHE,SAN FRANCISCO COTZAL,SAN FRANCISCO COTZAL,Asociación Nacional del Cafe,Caturra,Caturra,Washed / Wet,Washed / Wet,Washed / Wet Family,2021 / 2022,2021,2022,2022,1600,single_value,1600.0,1600.0,False,False,False,,83.58,Good (80-84.99),7.58,7.83,7.58,7.67,7.58,7.58,7.75,10.0,10.0,10.0,10.9,0,4,2,green
113,Honduras,Honduras,Marcala,Marcala,varias,comsa,Cafe Organico Marcala S.A de C.V.,SHG,SHG,Washed / Wet,Washed / Wet,Washed / Wet Family,2021 / 2022,2021,2022,2022,1400,single_value,1400.0,1400.0,False,False,False,,83.5,Good (80-84.99),7.75,7.67,7.58,7.58,7.58,7.67,7.67,10.0,10.0,10.0,11.2,0,5,1,green
114,Colombia,Colombia,Popayán Cauca,Popayán Cauca,La fortaleza,La fortaleza,Cafe Colsuaves,Caturra,Caturra,Washed / Wet,Washed / Wet,Washed / Wet Family,2022,2022,2022,2022,1700,single_value,1700.0,1700.0,False,False,False,,83.5,Good (80-84.99),7.75,7.75,7.5,7.58,7.83,7.5,7.58,10.0,10.0,10.0,12.2,0,2,0,bluish-green
115,Thailand,Thailand,North of Thailand,North of Thailand,Doi Tung Development Project,Doi Tung Development Project,Doi Tung Development Project,Bourbon,Bourbon,Washed / Wet,Washed / Wet,Washed / Wet Family,2022,2022,2022,2022,1200 - 1580,range_dash,1390.0,1390.0,False,False,False,,83.5,Good (80-84.99),7.42,7.83,7.58,7.67,7.67,7.75,7.58,10.0,10.0,10.0,13.1,0,0,0,green
116,Ethiopia,Ethiopia,OROMIA,OROMIA,YHAENU PLC FARM,YHAENU PLC,yhaenu plc,Ethiopian Heirlooms,Ethiopian Heirlooms,Washed / Wet,Washed / Wet,Washed / Wet Family,2021 / 2022,2021,2022,2022,1700,single_value,1700.0,1700.0,False,False,False,,83.5,Good (80-84.99),7.42,7.42,7.42,8.0,7.92,7.67,7.67,10.0,10.0,10.0,10.4,0,11,1,greenish
117,Thailand,Thailand,Suan Ya Lung,Suan Ya Lung,Doi Nan,Chalerm,Coffee Quality Union,Java,Java,Washed / Wet,Washed / Wet,Washed / Wet Family,2022,2022,2022,2022,1450,single_value,1450.0,1450.0,False,False,False,,83.42,Good (80-84.99),7.67,7.67,7.5,7.67,7.58,7.67,7.67,10.0,10.0,10.0,11.6,0,0,2,green
118,Uganda,Uganda,Mt Elgon,Mt Elgon,Bugisu Shamba,Kawacom Uganda Ltd,Kawacom uganda LTD,SL14,SL14,Washed / Wet,Washed / Wet,Washed / Wet Family,2021 / 2022,2021,2022,2022,1400 - 1900,range_dash,1650.0,1650.0,False,False,False,,83.42,Good (80-84.99),7.75,7.75,7.5,7.5,7.58,7.58,7.75,10.0,10.0,10.0,10.1,0,3,0,green
119,Taiwan,Taiwan,Chiayi,Chiayi,香香久溢咖啡莊園,吳昭昀,Taiwan Coffee Laboratory,Typica + SL34,Typica + SL34,Washed / Wet,Washed / Wet,Washed / Wet Family,2021 / 2022,2021,2022,2022,1100,single_value,1100.0,1100.0,False,False,False,,83.42,Good (80-84.99),7.75,7.92,7.67,7.92,7.75,7.83,7.92,8.67,10.0,10.0,10.1,0,0,0,blue-green
120,Uganda,Uganda,Rwenzori,Rwenzori,Masereka William,Kyagalanyi coffee limited,Kyagalanyi Coffee Limited,SL14,SL14,Washed / Wet,Washed / Wet,Washed / Wet Family,2021 / 2022,2021,2022,2022,1905,single_value,1905.0,1905.0,False,False,False,,83.33,Good (80-84.99),7.75,7.67,7.58,7.5,7.67,7.5,7.67,10.0,10.0,10.0,11.1,0,5,0,green
121,Taiwan,Taiwan,新竹縣,新竹縣,四分子道,林士傑,Taiwu Coffee Cooperative,Typica,Typica,Pulped natural / honey,Pulped natural / honey,Natural / Dry Family,2021 / 2022,2021,2022,2022,200-300,range_dash,250.0,250.0,False,False,False,,83.33,Good (80-84.99),7.58,7.67,7.5,7.75,7.5,7.58,7.75,10.0,10.0,10.0,9.7,0,0,0,greenish
122,Guatemala,Guatemala,NEW ORIENTE & HUEHUETENANGO,NEW ORIENTE & HUEHUETENANGO,MI CAFECITO & LA PROVIDENCIA,500 PRODUCERS,Mr.Brown Cafe,"MARSELLESA, CATUAI, CATURRA & MARSELLESA, ANACAFE 14, CATUAI","MARSELLESA, CATUAI, CATURRA & MARSELLESA, ANACAFE 14, CATUAI",Washed / Wet,Washed / Wet,Washed / Wet Family,2021,2021,2021,2021,1280-1325,range_dash,1302.5,1302.5,False,False,False,,83.33,Good (80-84.99),7.5,7.75,7.58,7.75,7.67,7.58,7.5,10.0,10.0,10.0,11.4,0,0,0,green
123,Taiwan,Taiwan,桃園市,桃園市,木華莊園,簡進財,Taiwu Coffee Cooperative,Typica,Typica,Washed / Wet,Washed / Wet,Washed / Wet Family,2021 / 2022,2021,2022,2022,300,single_value,300.0,300.0,False,False,False,,83.33,Good (80-84.99),7.58,7.67,7.58,7.75,7.42,7.58,7.75,10.0,10.0,10.0,9.6,0,1,0,green
124,Colombia,Colombia,Sierra Nevada de Santa Marta,Sierra Nevada de Santa Marta,El Laurel,Eric SELLIN,Minka coffee company LTD,Caturra,Caturra,Washed / Wet,Washed / Wet,Washed / Wet Family,2021 / 2022,2021,2022,2022,1100,single_value,1100.0,1100.0,False,False,False,,83.33,Good (80-84.99),7.67,7.67,7.42,7.75,7.5,7.75,7.58,10.0,10.0,10.0,13.5,0,0,0,greenish
125,Costa Rica,Costa Rica,Tarrazu,Tarrazu,Gamboa Farm,Martin Gutierrez,CECA S.A.,Caturra,Caturra,Washed / Wet,Washed / Wet,Washed / Wet Family,2022 / 2023,2022,2023,2022,1850,single_value,1850.0,1850.0,False,False,False,,83.33,Good (80-84.99),7.58,7.75,7.42,7.67,7.5,7.75,7.67,10.0,10.0,10.0,0.0,0,3,0,green
126,Taiwan,Taiwan,Yunlin,Yunlin,東泓咖啡莊園,陳善東,Taiwan Coffee Laboratory,SL34,SL34,Washed / Wet,Washed / Wet,Washed / Wet Family,2021 / 2022,2021,2022,2022,750,single_value,750.0,750.0,False,False,False,,83.33,Good (80-84.99),7.75,7.83,7.58,7.58,7.58,7.5,7.5,10.0,10.0,10.0,10.7,0,1,0,blue-green
127,Thailand,Thailand,North of Thailand,North of Thailand,Doi Tung Development Project,Doi Tung Development Project,Doi Tung Development Project,Typica,Typica,Washed / Wet,Washed / Wet,Washed / Wet Family,2022,2022,2022,2022,1300-1500,range_dash,1400.0,1400.0,False,False,False,,83.33,Good (80-84.99),7.92,7.92,7.75,7.33,7.58,7.5,7.33,10.0,10.0,10.0,12.3,0,16,0,yellow-green
128,"Tanzania, United Republic Of","Tanzania, United Republic Of",KILIMANJARO,KILIMANJARO,MASHIMA AMCOS,DORMAN TANZANIA LTD,DORMAN TANZANIA LTD,Bourbon,Bourbon,Washed / Wet,Washed / Wet,Washed / Wet Family,2022 / 2023,2022,2023,2022,1400-1700,range_dash,1550.0,1550.0,False,False,False,,83.25,Good (80-84.99),7.92,7.67,7.42,7.5,7.67,7.58,7.5,10.0,10.0,10.0,10.4,0,8,0,greenish
129,Brazil,Brazil,Sul de Minas,Sul de Minas,Fazenda Conquista e Capoeirinha,Ipanema Agrícola SA,Ipanema Coffees,Mundo Novo,Mundo Novo,Natural / Dry,Natural / Dry,Natural / Dry Family,2022 / 2023,2022,2023,2022,950,single_value,950.0,950.0,False,False,False,,83.25,Good (80-84.99),7.58,7.5,7.5,7.83,7.67,7.5,7.67,10.0,10.0,10.0,11.6,0,4,0,green
130,Taiwan,Taiwan,苗栗縣,苗栗縣,棒棒有機農場,林木青,Taiwu Coffee Cooperative,unknown,unknown,Washed / Wet,Washed / Wet,Washed / Wet Family,2021 / 2022,2021,2022,2022,1100-1200,range_dash,1150.0,1150.0,False,False,False,,83.25,Good (80-84.99),7.75,7.75,7.58,7.67,7.42,7.5,7.58,10.0,10.0,10.0,9.6,0,1,0,green
131,Colombia,Colombia,Quindio,Quindio,Buenos Aires,Chucho Bedoya,Coffee Quality Union,"Red Bourbon,Caturra","Red Bourbon,Caturra",Anaerobico 1000h,Anaerobico 1000h,Anaerobic / Experimental,2022,2022,2022,2022,1390,single_value,1390.0,1390.0,False,False,False,,83.25,Good (80-84.99),7.67,7.67,7.58,7.67,7.58,7.58,7.5,10.0,10.0,10.0,10.9,0,2,0,brownish
132,Honduras,Honduras,"Marcala, La Paz","Marcala, La Paz",La Bendicion,Joaquin Suazo,Taiwan Coffee Laboratory,Lempira,Lempira,Washed / Wet,Washed / Wet,Washed / Wet Family,2021,2021,2021,2021,1600,single_value,1600.0,1600.0,False,False,False,,83.25,Good (80-84.99),7.67,7.75,7.67,7.58,7.5,7.58,7.5,10.0,10.0,10.0,10.5,0,3,0,bluish-green
133,Honduras,Honduras,Marcala,Marcala,varias,comsa,Cafe Organico Marcala S.A de C.V.,Catuai,Catuai,Washed / Wet,Washed / Wet,Washed / Wet Family,2021 / 2022,2021,2022,2022,1400,single_value,1400.0,1400.0,False,False,False,,83.25,Good (80-84.99),7.75,7.58,7.58,7.58,7.5,7.58,7.67,10.0,10.0,10.0,11.3,0,5,1,green
134,Taiwan,Taiwan,新竹縣,新竹縣,蜜多莊園,張新榮,Taiwu Coffee Cooperative,Typica,Typica,Natural / Dry,Natural / Dry,Natural / Dry Family,2021 / 2022,2021,2022,2022,200-300,range_dash,250.0,250.0,False,False,False,,83.17,Good (80-84.99),7.75,7.75,7.5,7.75,7.5,7.42,7.5,10.0,10.0,10.0,9.7,0,2,0,greenish
135,Taiwan,Taiwan,苗栗縣,苗栗縣,迎曦山丘,翁召安,Taiwu Coffee Cooperative,unknown,unknown,Washed / Wet,Washed / Wet,Washed / Wet Family,2021 / 2022,2021,2022,2022,340,single_value,340.0,340.0,False,False,False,,83.17,Good (80-84.99),7.67,7.67,7.5,7.58,7.58,7.5,7.67,10.0,10.0,10.0,11.8,0,0,0,blue-green
136,Laos,Laos,"Nongluang Bolaven Plateau, Champasack, Lao PDR","Nongluang Bolaven Plateau, Champasack, Lao PDR",Nongluang Bolaven Plateau,Dao Heuang Group,Dao Heuang Group,Catimor,Catimor,Natural / Dry,Natural / Dry,Natural / Dry Family,2022,2022,2022,2022,1200 - 1300,range_dash,1250.0,1250.0,False,False,False,,83.08,Good (80-84.99),7.67,7.75,7.33,7.67,7.58,7.5,7.58,10.0,10.0,10.0,11.8,0,7,0,brownish
137,Honduras,Honduras,"Centro, Lagunetillas - Ajuterique, Comayagua","Centro, Lagunetillas - Ajuterique, Comayagua",La Cuchilla,Fausto Nahun Maldonado,CIGRAH,Catuai,Catuai,Washed / Wet,Washed / Wet,Washed / Wet Family,2021 / 2022,2021,2022,2022,1368,single_value,1368.0,1368.0,False,False,False,,83.08,Good (80-84.99),7.67,7.67,7.5,7.58,7.58,7.5,7.58,10.0,10.0,10.0,10.6,0,7,2,green
138,Honduras,Honduras,"Los Planes de Santa Maria, La Paz","Los Planes de Santa Maria, La Paz",Bethel,Omar Acosta,CADEXSA,Catuai,Catuai,Washed / Wet,Washed / Wet,Washed / Wet Family,2022 / 2023,2022,2023,2022,1450,single_value,1450.0,1450.0,False,False,False,,83.08,Good (80-84.99),7.75,7.58,7.58,7.58,7.58,7.5,7.5,10.0,10.0,10.0,9.6,0,2,0,green
139,Colombia,Colombia,HUILA,HUILA,EL PRADO,FRANKLIN DUSSAN,carcafe ltda,Caturra,Caturra,Washed / Wet,Washed / Wet,Washed / Wet Family,2022 / 2023,2022,2023,2022,1650,single_value,1650.0,1650.0,False,False,False,,83.0,Good (80-84.99),8.0,7.67,7.42,7.58,7.58,7.42,7.33,10.0,10.0,10.0,13.1,0,1,0,bluish-green
140,Taiwan,Taiwan,新竹縣,新竹縣,樹橋窩莊園,王維書,Taiwu Coffee Cooperative,Typica,Typica,Pulped natural / honey,Pulped natural / honey,Natural / Dry Family,2021 / 2022,2021,2022,2022,250-300,range_dash,275.0,275.0,False,False,False,,82.92,Good (80-84.99),7.5,7.67,7.58,7.58,7.5,7.5,7.58,10.0,10.0,10.0,8.9,0,0,0,blue-green
141,Mexico,Mexico,"ZONGOLICA, VERACRUZ","ZONGOLICA, VERACRUZ",Finca Tequihua,Martin Tequihuatle Zepahua,La Villa Coffee Company LLC,Bourbon,Bourbon,Washed / Wet,Washed / Wet,Washed / Wet Family,2021 / 2022,2021,2022,2022,1350,single_value,1350.0,1350.0,False,False,False,,82.92,Good (80-84.99),7.75,7.5,7.42,7.67,7.58,7.5,7.5,10.0,10.0,10.0,11.9,2,1,0,green
142,Colombia,Colombia,Quindio,Quindio,La Argentina,Augusto Torres,Coffee Quality Union,Typica Gesha,Typica Gesha,Washed / Wet,Washed / Wet,Washed / Wet Family,2021 / 2022,2021,2022,2022,1350,single_value,1350.0,1350.0,False,False,False,,82.92,Good (80-84.99),7.58,7.5,7.5,7.67,7.58,7.5,7.58,10.0,10.0,10.0,11.5,0,3,1,greenish
143,Taiwan,Taiwan,"Shibi, Gukeng Township, Yunlin County 郵遞區號 , Taiwan (R.O.C.)","Shibi, Gukeng Township, Yunlin County 郵遞區號 , Taiwan (R.O.C.)",嵩岳咖啡莊園,郭亮志,宸嶧國際有限公司,Gesha,Gesha,,Unknown,Unknown,2022,2022,2022,2022,1200,single_value,1200.0,1200.0,False,False,False,,82.92,Good (80-84.99),7.67,7.5,7.42,7.75,7.42,7.58,7.58,10.0,10.0,10.0,10.2,0,0,0,yellow-green
144,Honduras,Honduras,Marcala,Marcala,Varias,Varios,Cafe Organico Marcala S.A de C.V.,Catuai,Catuai,Washed / Wet,Washed / Wet,Washed / Wet Family,2022 / 2023,2022,2023,2022,1280,single_value,1280.0,1280.0,False,False,False,,82.83,Good (80-84.99),7.67,7.58,7.5,7.5,7.58,7.5,7.5,10.0,10.0,10.0,10.0,0,4,0,green
145,Thailand,Thailand,North of Thailand,North of Thailand,Doi Tung Development Project,Doi Tung Development Project,Doi Tung Development Project,Gayo,Gayo,Washed / Wet,Washed / Wet,Washed / Wet Family,2022,2022,2022,2022,1300-1500,range_dash,1400.0,1400.0,False,False,False,,82.83,Good (80-84.99),7.17,7.92,7.58,7.5,7.58,7.67,7.42,10.0,10.0,10.0,11.8,0,5,0,yellow-green
146,Vietnam,Vietnam,"Eatan Commune, Krong Nang District, Krong Nang Province","Eatan Commune, Krong Nang District, Krong Nang Province",Ea tan Cooperative,Ea Tan Cooperative,SIMEXCO DAKLAK LTD,Catimor,Catimor,Pulped natural / honey,Pulped natural / honey,Natural / Dry Family,2021 / 2022,2021,2022,2022,900,single_value,900.0,900.0,False,False,False,,82.83,Good (80-84.99),7.58,7.42,7.58,7.5,7.67,7.75,7.33,10.0,10.0,10.0,13.3,0,4,0,green
147,Nicaragua,Nicaragua,Matagalpa,Matagalpa,Finca San Felipe,Exportadora Atlantic S.A.,Exportadora Atlantic S.A,SHG,SHG,Natural / Dry,Natural / Dry,Natural / Dry Family,2022 / 2023,2022,2023,2022,1200,single_value,1200.0,1200.0,False,False,False,,82.75,Good (80-84.99),7.33,7.58,7.25,7.33,7.75,8.17,7.33,10.0,10.0,10.0,10.5,5,1,2,green
148,Costa Rica,Costa Rica,west Villege,west Villege,AMA EL AROMA Micro lot - Sunrise,various producers,Taiwan Coffee Laboratory,SL28,SL28,Pulped natural / honey,Pulped natural / honey,Natural / Dry Family,2021,2021,2021,2021,1450,single_value,1450.0,1450.0,False,False,False,,82.75,Good (80-84.99),7.33,7.5,7.25,7.92,7.75,7.58,7.42,10.0,10.0,10.0,11.8,0,1,0,pale yellow
149,Colombia,Colombia,Huila,Huila,Federación Nacional de Cafeteros de Colombia,Federación Nacional de Cafeteros de Colombia,"NIPPON COFFEE TRADING CO.,LTD.",Caturra,Caturra,Washed / Wet,Washed / Wet,Washed / Wet Family,2022,2022,2022,2022,1700,single_value,1700.0,1700.0,False,False,False,,82.67,Good (80-84.99),7.58,7.67,7.58,7.5,7.33,7.5,7.5,10.0,10.0,10.0,11.8,0,2,1,green
150,Thailand,Thailand,North of Thailand,North of Thailand,Doi Tung Development Project,Doi Tung Development Project,Doi Tung Development Project,Caturra,Caturra,Washed / Wet,Washed / Wet,Washed / Wet Family,2022,2022,2022,2022,1200 - 1580,range_dash,1390.0,1390.0,False,False,False,,82.67,Good (80-84.99),7.33,7.58,7.58,7.5,7.67,7.67,7.33,10.0,10.0,10.0,13.0,1,0,0,greenish
151,Thailand,Thailand,Chiang Mai,Chiang Mai,Kevin Coffee,Kevin Wattana,Square Root,"Bourbon, Catimor, Caturra, Typica","Bourbon, Catimor, Caturra, Typica",Natural / Dry,Natural / Dry,Natural / Dry Family,2021 / 2022,2021,2022,2022,1200,single_value,1200.0,1200.0,False,False,False,,82.67,Good (80-84.99),7.5,7.58,7.5,7.42,7.5,7.58,7.58,10.0,10.0,10.0,11.2,0,0,0,yellow green
152,Honduras,Honduras,los planes de santa maria la paz,los planes de santa maria la paz,Bethel,Omar Acosta,CADEXSA,Catuai,Catuai,Washed / Wet,Washed / Wet,Washed / Wet Family,2022 / 2023,2022,2023,2022,1450,single_value,1450.0,1450.0,False,False,False,,82.67,Good (80-84.99),7.67,7.58,7.33,7.5,7.58,7.5,7.5,10.0,10.0,10.0,9.6,0,2,0,green
153,Taiwan,Taiwan,苗栗縣,苗栗縣,銅鏡莊園,吳聲發,Taiwu Coffee Cooperative,unknow,unknow,Natural / Dry,Natural / Dry,Natural / Dry Family,2021 / 2022,2021,2022,2022,165,single_value,165.0,165.0,True,False,False,,82.58,Good (80-84.99),7.67,7.67,7.42,7.42,7.42,7.5,7.5,10.0,10.0,10.0,9.8,0,0,0,green
154,Taiwan,Taiwan,苗栗縣,苗栗縣,掬香園,謝櫞楨,Taiwu Coffee Cooperative,Caturra,Caturra,Washed / Wet,Washed / Wet,Washed / Wet Family,2021 / 2022,2021,2022,2022,465,single_value,465.0,465.0,False,False,False,,82.58,Good (80-84.99),7.67,7.58,7.42,7.42,7.5,7.5,7.5,10.0,10.0,10.0,8.4,0,2,0,blue-green
155,Nicaragua,Nicaragua,ESTELI,ESTELI,Finca Las Dos Marias,NicaNoLA Coffee,NicaNoLA Coffee,Parainema,Parainema,Washed / Wet,Washed / Wet,Washed / Wet Family,2021 / 2022,2021,2022,2022,1350,single_value,1350.0,1350.0,False,False,False,,82.58,Good (80-84.99),7.5,7.58,7.42,7.58,7.5,7.58,7.42,10.0,10.0,10.0,10.1,0,0,0,green
156,El Salvador,El Salvador,Apaneca - Ilamatepec,Apaneca - Ilamatepec,Agua Caliente,"J.J. Borja Nathan, S.A.",Consejo Salvadoreño del Café,Bourbon,Bourbon,Washed / Wet,Washed / Wet,Washed / Wet Family,2022 / 2023,2022,2023,2022,1200,single_value,1200.0,1200.0,False,False,False,,82.5,Good (80-84.99),7.67,7.33,7.17,7.67,7.83,7.5,7.33,10.0,10.0,10.0,11.3,0,2,0,green
157,Panama,Panama,Boquete,Boquete,Finca Lerida,Finca Lerida,Panamerican Coffee Trading,Caturra,Caturra,Washed / Wet,Washed / Wet,Washed / Wet Family,2021 / 2022,2021,2022,2022,1200,single_value,1200.0,1200.0,False,False,False,,82.5,Good (80-84.99),7.75,7.67,7.17,7.67,7.42,7.42,7.42,10.0,10.0,10.0,10.0,0,0,0,green
158,Brazil,Brazil,MANTIQUEIRA / SUL DE MINAS,MANTIQUEIRA / SUL DE MINAS,Fazenda Pedra Preta,Eduardo Niero de Souza,Man Volcafe Brasil Ltda.,Mundo Novo,Mundo Novo,Natural / Dry,Natural / Dry,Natural / Dry Family,2022 / 2023,2022,2023,2022,1100,single_value,1100.0,1100.0,False,False,False,,82.5,Good (80-84.99),7.5,7.58,7.5,7.5,7.67,7.42,7.33,10.0,10.0,10.0,11.8,0,1,1,bluish-green
159,United States (Hawaii),United States (Hawaii),Kona,Kona,Kainaliu Farm,Kainaliu-Kona Coffee Company,Taiwan Coffee Laboratory,Maragogype,Maragogype,Washed / Wet,Washed / Wet,Washed / Wet Family,2022,2022,2022,2022,640,single_value,640.0,640.0,False,False,False,,82.5,Good (80-84.99),7.33,7.58,7.5,7.5,7.5,7.58,7.5,10.0,10.0,10.0,11.7,0,1,0,blue-green
160,Mexico,Mexico,Veracruz,Veracruz,Las Trincheras,Jose Cienfuegos,Taiwan Coffee Laboratory,Pacamara,Pacamara,Washed / Wet,Washed / Wet,Washed / Wet Family,2021,2021,2021,2021,1340,single_value,1340.0,1340.0,False,False,False,,82.5,Good (80-84.99),7.67,7.42,7.5,7.5,7.67,7.42,7.33,10.0,10.0,10.0,10.7,0,0,0,pale yellow
161,Honduras,Honduras,"Centro, Lagunetillas - Ajuterique, Comayagua","Centro, Lagunetillas - Ajuterique, Comayagua",La Cuchilla,Fausto Nahun Maldonado,Mercon Honduras,Catuai,Catuai,Washed / Wet,Washed / Wet,Washed / Wet Family,2021 / 2022,2021,2022,2022,1368,single_value,1368.0,1368.0,False,False,False,,82.5,Good (80-84.99),7.58,7.58,7.33,7.5,7.58,7.42,7.5,10.0,10.0,10.0,10.6,0,8,0,green
162,Taiwan,Taiwan,新竹縣,新竹縣,弘欣咖啡園,胡明杰,Taiwu Coffee Cooperative,unknown,unknown,Washed / Wet,Washed / Wet,Washed / Wet Family,2021 / 2022,2021,2022,2022,139,single_value,139.0,139.0,True,False,False,,82.5,Good (80-84.99),7.42,7.42,7.58,7.42,7.58,7.5,7.58,10.0,10.0,10.0,8.4,0,2,0,green
163,Nicaragua,Nicaragua,"Matagalpa, Nicaragua","Matagalpa, Nicaragua",Finca Aurora,Sabio Coffee - Enrique Ferrufino & Tania Ferrufino,Mr.Brown Cafe,Caturra-Catuai,Caturra-Catuai,Washed / Wet,Washed / Wet,Washed / Wet Family,2021 / 2022,2021,2022,2022,1200-1350,range_dash,1275.0,1275.0,False,False,False,,82.42,Good (80-84.99),7.58,7.58,7.42,7.42,7.5,7.5,7.42,10.0,10.0,10.0,11.4,0,0,0,bluish-green
164,Vietnam,Vietnam,Dalat,Dalat,Apollo Estate,"Yeh,Li Chuan","Sunvirtue Co., Ltd.",Catimor,Catimor,Washed / Wet,Washed / Wet,Washed / Wet Family,2021,2021,2021,2021,1040,single_value,1040.0,1040.0,False,False,False,,82.33,Good (80-84.99),7.5,7.5,7.33,7.5,7.5,7.42,7.58,10.0,10.0,10.0,10.5,0,0,0,bluish-green
165,El Salvador,El Salvador,Apaneca - Ilamatepec,Apaneca - Ilamatepec,Agua Caliente,"J.J. Borja Nathan, S.A.",Consejo Salvadoreño del Café,Bourbon,Bourbon,Washed / Wet,Washed / Wet,Washed / Wet Family,2022 / 2023,2022,2023,2022,1200,single_value,1200.0,1200.0,False,False,False,,82.33,Good (80-84.99),7.5,7.5,7.42,7.42,7.42,7.67,7.42,10.0,10.0,10.0,12.0,0,10,7,green
166,El Salvador,El Salvador,Apaneca - Ilamatepec,Apaneca - Ilamatepec,Agua Caliente,"J.J. Borja Nathan, S.A.",Consejo Salvadoreño del Café,Bourbon,Bourbon,Washed / Wet,Washed / Wet,Washed / Wet Family,2021 / 2022,2021,2022,2022,1200,single_value,1200.0,1200.0,False,False,False,,82.33,Good (80-84.99),7.33,7.67,7.25,7.67,7.83,7.42,7.17,10.0,10.0,10.0,11.8,0,0,0,bluish-green
167,Taiwan,Taiwan,新竹縣,新竹縣,寶山謐靚,宋煦仁,Taiwu Coffee Cooperative,unknown,unknown,Natural / Dry,Natural / Dry,Natural / Dry Family,2021 / 2022,2021,2022,2022,140,single_value,140.0,140.0,True,False,False,,82.33,Good (80-84.99),7.67,7.58,7.42,7.5,7.33,7.42,7.42,10.0,10.0,10.0,10.8,0,1,0,green
168,Peru,Peru,"Chanchamayo, La Merced","Chanchamayo, La Merced",Fundo La Libertado,Sand Crispin Espiritu,Itochu Corporation,Caturra,Caturra,Washed / Wet,Washed / Wet,Washed / Wet Family,2022 / 2023,2022,2023,2022,1600,single_value,1600.0,1600.0,False,False,False,,82.25,Good (80-84.99),7.67,7.5,7.33,7.58,7.33,7.42,7.42,10.0,10.0,10.0,11.7,0,3,1,greenish
169,United States (Hawaii),United States (Hawaii),Kona district of Big Island,Kona district of Big Island,Manny's Farm,Manny Ochoa,Taiwan Coffee Laboratory,Typica,Typica,Washed / Wet,Washed / Wet,Washed / Wet Family,2022,2022,2022,2022,1200,single_value,1200.0,1200.0,False,False,False,,82.17,Good (80-84.99),7.75,7.42,7.33,7.5,7.33,7.5,7.33,10.0,10.0,10.0,10.6,1,5,0,green
170,Kenya,Kenya,Kericho,Kericho,Kenyan Highlands,Slelected small holder,Coffee Quality Union,"SL28,SL34,Ruiru11","SL28,SL34,Ruiru11",Washed / Wet,Washed / Wet,Washed / Wet Family,2022,2022,2022,2022,1500-1950,range_dash,1725.0,1725.0,False,False,False,,82.17,Good (80-84.99),7.5,7.5,7.42,7.5,7.25,7.5,7.5,10.0,10.0,10.0,11.2,0,2,0,green
171,Honduras,Honduras,"Centro, Lagunetillas - Ajuterique, Comayagua","Centro, Lagunetillas - Ajuterique, Comayagua",La Cuchilla,Fausto Nahun Maldonado,Mercon Honduras,Catuai,Catuai,Washed / Wet,Washed / Wet,Washed / Wet Family,2021 / 2022,2021,2022,2022,1368,single_value,1368.0,1368.0,False,False,False,,82.17,Good (80-84.99),7.67,7.5,7.25,7.5,7.5,7.33,7.42,10.0,10.0,10.0,10.6,0,8,0,green
172,Taiwan,Taiwan,桃園市,桃園市,金暖農場,何育達,Taiwu Coffee Cooperative,unknown,unknown,Washed / Wet,Washed / Wet,Washed / Wet Family,2021 / 2022,2021,2022,2022,600,single_value,600.0,600.0,False,False,False,,82.08,Good (80-84.99),7.5,7.67,7.33,7.5,7.25,7.33,7.5,10.0,10.0,10.0,9.7,0,0,0,bluish-green
173,Taiwan,Taiwan,苗栗縣,苗栗縣,好客農埸,彭聰明,Taiwu Coffee Cooperative,unknown,unknown,Pulped natural / honey,Pulped natural / honey,Natural / Dry Family,2021 / 2022,2021,2022,2022,460,single_value,460.0,460.0,False,False,False,,82.08,Good (80-84.99),7.33,7.42,7.42,7.5,7.42,7.5,7.5,10.0,10.0,10.0,8.1,0,3,0,greenish
174,Taiwan,Taiwan,桃園市,桃園市,拉拉山祖嵐咖啡莊園,宗素霞,Taiwu Coffee Cooperative,unknown,unknown,Washed / Wet,Washed / Wet,Washed / Wet Family,2021 / 2022,2021,2022,2022,500,single_value,500.0,500.0,False,False,False,,82.0,Good (80-84.99),7.5,7.58,7.42,7.42,7.25,7.42,7.42,10.0,10.0,10.0,8.2,0,1,0,green
175,Thailand,Thailand,North of Thailand,North of Thailand,Doi Tung Development Project,Doi Tung Development Project,Doi Tung Development Project,Catimor,Catimor,Washed / Wet,Washed / Wet,Washed / Wet Family,2022,2022,2022,2022,800-1200,range_dash,1000.0,1000.0,False,False,False,,82.0,Good (80-84.99),7.17,7.5,7.42,7.42,7.58,7.5,7.42,10.0,10.0,10.0,9.8,0,0,0,green
176,Costa Rica,Costa Rica,Corralillo Tarrazu,Corralillo Tarrazu,San Diego Mill,San Diego Mill,Beneficios Volcafé Costa Rica,Caturra,Caturra,Washed / Wet,Washed / Wet,Washed / Wet Family,2018 / 2019,2018,2019,2018,1500,single_value,1500.0,1500.0,False,False,False,,82.0,Good (80-84.99),7.42,7.42,7.42,7.33,7.58,7.33,7.5,10.0,10.0,10.0,10.5,1,8,2,green
177,Guatemala,Guatemala,Oriente,Oriente,Not Specificated,"Exportcafe, S.A.",Marubeni Corporation,,Unknown,Washed / Wet,Washed / Wet,Washed / Wet Family,2021 / 2022,2021,2022,2022,1350-1550,range_dash,1450.0,1450.0,False,False,False,,82.0,Good (80-84.99),7.42,7.42,7.42,7.33,7.5,7.42,7.5,10.0,10.0,10.0,11.5,0,2,1,blue-green
178,Indonesia,Indonesia,Sumatra,Sumatra,Wahana Graha Makmur,PT. Wahana Graha Makmur Group,InterAmerican Coffee,,Unknown,Pulped natural / honey,Pulped natural / honey,Natural / Dry Family,2022,2022,2022,2022,1350,single_value,1350.0,1350.0,False,False,False,,82.0,Good (80-84.99),7.67,7.33,7.25,7.67,7.42,7.25,7.42,10.0,10.0,10.0,12.5,0,0,0,bluish-green
179,Peru,Peru,"Chanchamayo, La Merced","Chanchamayo, La Merced",Fundo La Libertad,Sandro Crispin Espiritu,Itochu Corporation,Caturra,Caturra,Washed / Wet,Washed / Wet,Washed / Wet Family,2022 / 2023,2022,2023,2022,1600,single_value,1600.0,1600.0,False,False,False,,81.92,Good (80-84.99),7.5,7.5,7.33,7.5,7.33,7.33,7.42,10.0,10.0,10.0,11.6,0,2,2,greenish
180,Guatemala,Guatemala,Antigua,Antigua,MULTIPLE SMALLHOLDER FARMS,La Minita,"HARU International Corp, 守成咖啡",Caturra,Caturra,Washed / Wet,Washed / Wet,Washed / Wet Family,2022,2022,2022,2022,1200~1600,range_dash,1400.0,1400.0,False,False,False,,81.92,Good (80-84.99),7.33,7.42,7.33,7.42,7.58,7.42,7.42,10.0,10.0,10.0,10.3,0,1,0,greenish
181,Taiwan,Taiwan,桃園市,桃園市,阿拉思家,李秀圓,Taiwu Coffee Cooperative,Typica,Typica,Pulped natural / honey,Pulped natural / honey,Natural / Dry Family,2021 / 2022,2021,2022,2022,300,single_value,300.0,300.0,False,False,False,,81.83,Good (80-84.99),7.25,7.42,7.42,7.5,7.42,7.42,7.42,10.0,10.0,10.0,11.3,0,0,0,green
182,Vietnam,Vietnam,Lam Dong Province,Lam Dong Province,Gaia Farms,Viet Coffee Company Limited,Brew Baby Coffee Company,Catimor,Catimor,Pulped natural / honey,Pulped natural / honey,Natural / Dry Family,2022 / 2023,2022,2023,2022,5400,single_value,5400.0,1645.92,False,True,True,1645.92,81.83,Good (80-84.99),7.5,7.5,7.25,7.42,7.42,7.42,7.33,10.0,10.0,10.0,11.2,0,4,0,green
183,Brazil,Brazil,Mantiquira de minas,Mantiquira de minas,Sitio Colinas,Luis Flavio Pereira de Castro,Coffee Quality Union,Yellow Catuai,Yellow Catuai,Pulped natural / honey,Pulped natural / honey,Natural / Dry Family,2022,2022,2022,2022,1000,single_value,1000.0,1000.0,False,False,False,,81.83,Good (80-84.99),7.5,7.5,7.42,7.33,7.33,7.33,7.42,10.0,10.0,10.0,11.3,0,2,0,pale yellow
184,Brazil,Brazil,Sul de Minas,Sul de Minas,Fazenda Olhos Dagua,Paulo Enidio Crabi,Mr.Brown Cafe,Catucai,Catucai,Natural / Dry,Natural / Dry,Natural / Dry Family,2021,2021,2021,2021,900-1000,range_dash,950.0,950.0,False,False,False,,81.75,Good (80-84.99),7.42,7.5,7.58,7.33,7.33,7.25,7.33,10.0,10.0,10.0,11.1,0,0,0,yellow-green
185,Colombia,Colombia,Santander,Santander,More than one,More than one,Mr.Brown Cafe,Santander,Santander,Washed / Wet,Washed / Wet,Washed / Wet Family,2021,2021,2021,2021,1574,single_value,1574.0,1574.0,False,False,False,,81.75,Good (80-84.99),7.33,7.5,7.33,7.42,7.42,7.42,7.33,10.0,10.0,10.0,11.2,0,0,0,yellow-green
186,Mexico,Mexico,"Coatepec, Veracruz","Coatepec, Veracruz",Finca San José,José Gerardo Gutierrez Morales,La Villa Coffee Company LLC,Typica,Typica,Washed / Wet,Washed / Wet,Washed / Wet Family,2021 / 2022,2021,2022,2022,1200,single_value,1200.0,1200.0,False,False,False,,81.67,Good (80-84.99),7.58,7.42,7.25,7.25,7.5,7.33,7.33,10.0,10.0,10.0,11.8,2,2,0,green
187,Costa Rica,Costa Rica,occidente,occidente,HACIENDA SAN IGNACIO,FJO ORLICH HNO LTDA,Grupo ECOM,Caturra,Caturra,Washed / Wet,Washed / Wet,Washed / Wet Family,2022 / 2023,2022,2023,2022,1200,single_value,1200.0,1200.0,False,False,False,,81.58,Good (80-84.99),7.33,7.42,7.25,7.42,7.42,7.33,7.42,10.0,10.0,10.0,9.7,0,4,2,green
188,Taiwan,Taiwan,新北市,新北市,橫鹿,呂星輝,Taiwu Coffee Cooperative,Typica,Typica,Pulped natural / honey,Pulped natural / honey,Natural / Dry Family,2021 / 2022,2021,2022,2022,300,single_value,300.0,300.0,False,False,False,,81.58,Good (80-84.99),7.42,7.5,7.33,7.33,7.33,7.33,7.33,10.0,10.0,10.0,9.0,0,0,0,yellow-green
189,Taiwan,Taiwan,臺北市,臺北市,大屯29莊園,侯奕瑋,Taiwu Coffee Cooperative,unknown,unknown,Pulped natural / honey,Pulped natural / honey,Natural / Dry Family,2021 / 2022,2021,2022,2022,435,single_value,435.0,435.0,False,False,False,,81.5,Good (80-84.99),7.33,7.5,7.42,7.33,7.33,7.25,7.33,10.0,10.0,10.0,8.5,0,0,0,green
190,Thailand,Thailand,North of Thailand,North of Thailand,Doi Tung Development Project,Doi Tung Development Project,Doi Tung Development Project,Java,Java,Washed / Wet,Washed / Wet,Washed / Wet Family,2022,2022,2022,2022,1300-1500,range_dash,1400.0,1400.0,False,False,False,,81.42,Good (80-84.99),7.33,7.42,7.25,7.33,7.5,7.42,7.17,10.0,10.0,10.0,11.6,2,1,0,green
191,Thailand,Thailand,Chiang Rai,Chiang Rai,Doi Lan,Prakol Saelee,Taiwan Coffee Laboratory,Typica Bourbon Caturra Catimor,Typica Bourbon Caturra Catimor,Natural / Dry,Natural / Dry,Natural / Dry Family,2021,2021,2021,2021,1400,single_value,1400.0,1400.0,False,False,False,,81.33,Good (80-84.99),7.42,7.25,7.33,7.42,7.33,7.33,7.25,10.0,10.0,10.0,10.5,0,5,0,yellowish
192,Thailand,Thailand,North of Thailand,North of Thailand,Doi Tung Development Project,Doi Tung Development Project,Doi Tung Development Project,Catimor,Catimor,Washed / Wet,Washed / Wet,Washed / Wet Family,2022,2022,2022,2022,600-800,range_dash,700.0,700.0,False,False,False,,81.17,Good (80-84.99),7.25,7.25,7.42,7.25,7.42,7.42,7.17,10.0,10.0,10.0,10.4,0,0,0,green
193,Colombia,Colombia,Cauca,Cauca,Escalera,Escalera,Coffee Quality Union,"Caturra,Colombia,Castillo","Caturra,Colombia,Castillo",Washed / Wet,Washed / Wet,Washed / Wet Family,2021 / 2022,2021,2022,2022,1300-1800,range_dash,1550.0,1550.0,False,False,False,,81.17,Good (80-84.99),7.42,7.25,7.25,7.42,7.17,7.33,7.33,10.0,10.0,10.0,11.4,0,2,2,greenish
194,Brazil,Brazil,Alta Mogiana-Ibiraci,Alta Mogiana-Ibiraci,Various farm,Cocapil,Marubeni Corporation,,Unknown,Natural / Dry,Natural / Dry,Natural / Dry Family,2022 / 2023,2022,2023,2022,1200,single_value,1200.0,1200.0,False,False,False,,81.0,Good (80-84.99),7.42,7.42,7.25,7.25,7.17,7.25,7.25,10.0,10.0,10.0,10.6,0,1,2,greenish
195,El Salvador,El Salvador,"Volcan Chinchontepek, San Vicente, El Salvador","Volcan Chinchontepek, San Vicente, El Salvador","Rosario de Maria II, Area de Loma Alta",Roselia Yglesias,Aprentium Enterprises LLC,Bourbon,Bourbon,Natural / Dry,Natural / Dry,Natural / Dry Family,2023,2023,2023,2023,1400,single_value,1400.0,1400.0,False,False,False,,80.83,Good (80-84.99),7.42,7.33,7.33,7.5,7.08,7.0,7.17,10.0,10.0,10.0,10.5,0,7,8,bluish-green
196,Nicaragua,Nicaragua,,nan,EXPORTADORA ATLANTIC S.A,Varios Productores,ISHIMITSU,Caturra,Caturra,Washed / Wet,Washed / Wet,Washed / Wet Family,2021,2021,2021,2021,1100,single_value,1100.0,1100.0,False,False,False,,80.5,Good (80-84.99),7.25,7.25,7.17,7.33,7.08,7.25,7.17,10.0,10.0,10.0,11.5,0,3,1,greenish
197,Nicaragua,Nicaragua,Jinotega,Jinotega,Sajonia Estate Coffee S.A.,Sajonia Estate Coffee S.A.,SAJONIA ESTATE COFFEE S.A.,Sarchimor,Sarchimor,Washed / Wet,Washed / Wet,Washed / Wet Family,2022 / 2023,2022,2023,2022,1000,single_value,1000.0,1000.0,False,False,False,,80.42,Good (80-84.99),7.42,7.17,7.0,7.08,7.42,7.17,7.17,10.0,10.0,10.0,11.2,0,5,0,green
198,Colombia,Colombia,"Caicedonia,Valle del Cauca","Caicedonia,Valle del Cauca",Finca Mallorca,Finca Mallorca,Coffee Quality Union,"Castillo,Caturra,Bourbon","Castillo,Caturra,Bourbon",Washed / Wet,Washed / Wet,Washed / Wet Family,2022,2022,2022,2022,1600,single_value,1600.0,1600.0,False,False,False,,80.42,Good (80-84.99),7.25,7.25,7.17,7.33,7.0,7.17,7.25,10.0,10.0,10.0,11.0,0,3,3,greenish
199,Peru,Peru,"Chanchamayo, Lamerced","Chanchamayo, Lamerced",Fundo La Libertad,Sandro Crispin Espiritu,Itochu Corporation,Caturra,Caturra,Washed / Wet,Washed / Wet,Washed / Wet Family,2022 / 2023,2022,2023,2022,1600,single_value,1600.0,1600.0,False,False,False,,80.33,Good (80-84.99),7.5,7.25,7.17,7.17,7.17,7.08,7.0,10.0,10.0,10.0,11.8,0,11,6,greenish
200,El Salvador,El Salvador,"Volcan Chinchontepek, San Vicente, El Salvador","Volcan Chinchontepek, San Vicente, El Salvador","Rosario de Maria II, Area de Menjivar",Roselia Yglesias,Aprentium Enterprises LLC,Pacas,Pacas,Natural / Dry,Natural / Dry,Natural / Dry Family,2023,2023,2023,2023,1300,single_value,1300.0,1300.0,False,False,False,,80.33,Good (80-84.99),7.08,7.25,7.08,7.42,7.42,7.08,7.0,10.0,10.0,10.0,11.5,0,7,10,bluish-green
201,Brazil,Brazil,Alta Mogiana-Ibiraci,Alta Mogiana-Ibiraci,Various farm,COCAPIL,marubeni,Catuai and Mundo Novo,Catuai and Mundo Novo,Natural / Dry,Natural / Dry,Natural / Dry Family,2021 / 2022,2021,2022,2022,1200,single_value,1200.0,1200.0,False,False,False,,80.17,Good (80-84.99),7.25,7.17,7.17,7.08,7.17,7.17,7.17,10.0,10.0,10.0,11.6,0,2,1,greenish
202,Brazil,Brazil,Sul de Minas,Sul de Minas,Fazenda Conquista,Ipanema Coffees,Ipanema Coffees,Mundo Novo,Mundo Novo,Natural / Dry,Natural / Dry,Natural / Dry Family,2022 / 2023,2022,2023,2022,950,single_value,950.0,950.0,False,False,False,,80.08,Good (80-84.99),7.17,7.17,6.92,7.17,7.42,7.17,7.08,10.0,10.0,10.0,11.4,0,4,0,green
203,Nicaragua,Nicaragua,Matagalpa,Matagalpa,Finca San Felipe,Exportadora Atlantic S.A.,Exportadora Atlantic S.A,SHG,SHG,Natural / Dry,Natural / Dry,Natural / Dry Family,2022 / 2023,2022,2023,2022,1200,single_value,1200.0,1200.0,False,False,False,,80.0,Good (80-84.99),7.33,7.08,6.75,7.17,7.42,7.17,7.08,10.0,10.0,10.0,10.4,0,12,2,green
204,Laos,Laos,Bolaven Plateau,Bolaven Plateau,-,"LAO MINH TIEN COFFEE SOLE CO.,LTD",Marubeni Corporation,Catimor,Catimor,Washed / Wet,Washed / Wet,Washed / Wet Family,2021 / 2022,2021,2022,2022,1300,single_value,1300.0,1300.0,False,False,False,,79.67,Fair (75-79.99),7.25,7.17,7.08,7.0,7.08,7.08,7.0,10.0,10.0,10.0,11.6,0,11,9,green
205,El Salvador,El Salvador,"Volcan de San Vicente, La Paz, El Salvador","Volcan de San Vicente, La Paz, El Salvador","Rosario de Maria II, Area de La Pila",Roselia Yglesias,Aprentium Enterprises LLC,Maragogype,Maragogype,Natural / Dry,Natural / Dry,Natural / Dry Family,2023,2023,2023,2023,1200,single_value,1200.0,1200.0,False,False,False,,78.08,Fair (75-79.99),6.5,6.75,6.75,7.17,7.08,7.0,6.83,10.0,10.0,10.0,11.0,0,13,12,bluish-green
206,Brazil,Brazil,Minas Gerais,Minas Gerais,Walter Matter,Walter Matter,Descafeinadores Mexicano SA. de CV,Mundo Novo,Mundo Novo,SEMI-LAVADO,SEMI-LAVADO,Washed / Wet Family,2021 / 2022,2021,2022,2022,850-1100,range_dash,975.0,975.0,False,False,False,,78.0,Fair (75-79.99),7.25,7.08,6.67,6.83,6.83,6.67,6.67,10.0,10.0,10.0,11.3,0,1,0,green
